,FSA,LoB,EQDeducPerc,EQLimPerc,EQ_Pene
0,A0A,C,0.1018576342814645,0.9838348952367577,0.7829223526345106
1,A0A,P,0.0345674352691202,1.1898303136567825,0.002562618224574677
2,A0B,C,0.024985551877808213,0.4380490498192854,0.7717032685916845
3,A0B,P,0.03721575921769582,1.2674109007053376,0.00181912509413177
4,A0C,C,0.08146477108607542,0.9336086367300542,0.6844456987208403
5,A0C,P,0.02923532133369153,1.2871469321811289,0.003482965929040602
6,A0E,C,0.07126982932946146,0.8274729836707578,0.8572169525116803
7,A0E,P,0.037789502634473976,1.2169814103120837,0.0031780048546969438
8,A0G,C,0.0951266740974851,0.8886120582243255,0.7499493339267683
9,A0G,P,0.050649515821580476,1.1670042005223087,0.0019292675490582424
10,A0H,C,0.028255292774567304,0.5758577808354772,0.8548524188914194
11,A0H,P,0.025570402290693208,1.2701088571325836,0.0015956632014683958
12,A0J,C,0.08273757778990071,0.9593030301298662,0.7982801897935206
13,A0J,P,0.0568638360719251,1.2231479106090901,0.002623402955227214
14,A0K,C,0.08936317972380999,0.7966857605576191,0.807479149088043
15,A0K,P,0.04525172862517769,1.1675603561453989,0.001694080016014289
16,A0L,C,0.06484233691878426,0.9705911760264311,0.8631969150494041
17,A0L,P,0.019542880417861903,1.1936822342190934,0.002410299889937863
18,A0M,C,0.04151947533910586,0.7554886149980116,0.9548007313785924
19,A0M,P,0.1,1.2001348387824409,0.005359835514984104
20,A0N,C,0.048947495242346276,0.5516845843508138,0.8063040724871738
21,A0N,P,0.07172032312751331,1.1961012465198828,0.005094154344230526
22,A0P,C,0.035404744098452505,0.5754057996208711,0.8610234130565639
23,A0P,P,0.02709064164543371,1.2060593654720668,0.002079231862091447
24,A0R,C,0.010913689067913264,0.4523291736760314,0.8941341313119768
25,A0R,P,0.04734615583098067,1.3658187841493086,0.0026642628345190313
26,A1A,C,0.04547051086929552,0.8858918343892234,0.8997539849478635
27,A1A,P,0.03588841644210298,1.2091203463244207,0.002370437361178284
28,A1B,C,0.04388013141464732,0.7941284005439887,0.9021928929160757
29,A1B,P,0.01742065573274185,0.6295287056337999,0.004843077390389118
30,A1C,C,0.0447936435891315,0.7804487050316095,0.8255760658604543
31,A1C,P,0.020191367858139016,0.9323989960701375,0.0028163135062873944
32,A1E,C,0.047112731321956425,0.9713716397438057,0.8675018560882721
33,A1E,P,0.04370346156362509,1.2454402643937879,0.0013630388877811583
34,A1G,C,0.07420934928306233,0.86366953730645,0.7954406632279928
35,A1G,P,0.04875781665562657,1.377950410914112,0.0010575632929239235
36,A1H,C,0.03502038453533503,1.1002870882887132,0.8406033296839052
37,A1H,P,0.027666964321590853,1.2447547036728448,0.0014544642140514104
38,A1K,C,0.053535773202839275,0.961471379490395,0.8266918323862846
39,A1K,P,0.039312811175201974,1.2417638901513957,0.001399815760633207
40,A1L,C,0.05518198503587266,1.1159042624332842,0.8819902677414176
41,A1L,P,0.06205834070598716,1.2118374040877078,0.002982461308609316
42,A1M,C,0.07754642266561268,0.9318394318518555,0.7441097392937431
43,A1M,P,0.039985523768163146,1.2693826145625722,0.003141886473285071
44,A1N,C,0.06364615317872646,1.1120846203069907,0.8595165713498192
45,A1N,P,0.05233127817150229,1.4443729637172642,0.0015579814383072834
46,A1S,C,0.06775616532836878,0.820793488233588,0.6972012542825963
47,A1S,P,0.0,1.0,0.00016667550896344748
48,A1V,C,0.05142256180057988,0.9557233579917462,0.9188889396962773
49,A1V,P,0.029541774305077644,1.220868535731931,0.0035354662899163246
50,A1W,C,0.04713358921392089,0.9878561165497791,0.8694657488212371
51,A1W,P,,,
52,A1X,C,0.028431743496046647,0.7263295429812956,0.8954812579822365
53,A1X,P,0.028171075504156647,1.203806413808194,0.0018448688336219457
54,A1Y,C,0.06151002002993079,0.9184996535359669,0.8457959419465757
55,A1Y,P,0.029813593768277562,1.2117244331921346,0.010630480522543083
56,A2A,C,0.05284317547437722,0.9191407593666213,0.8930705619838344
57,A2A,P,0.058115957984627355,1.2462759074176235,0.002026655381997292
58,A2B,C,0.04095222565959329,0.9528988346795839,0.7264614261260404
59,A2B,P,0.033015155956145924,1.180972198303637,0.003573948173216885
60,A2H,C,0.055365403608295755,0.9285628412065442,0.8238614821699612
61,A2H,P,0.004237139217484825,0.16114426188654477,0.0021083350307248678
62,A2N,C,0.05303542482128687,0.8047350049287157,0.7427081273246734
63,A2N,P,0.027711114685539648,1.756072060479331,0.00035951650270756665
64,A2V,C,0.007212713078569705,0.23143094703042874,0.9635856110002811
65,A2V,P,0.02339348891213611,0.9754547952555015,0.002096359437756474
66,A5A,C,0.06999886184964087,1.1875768576133245,0.7223867587822742
67,A5A,P,0.0348368290246905,1.1192959840196965,0.002179805555491536
68,A8A,C,0.05278628545121895,1.0832178352186916,0.674070765570173
69,A8A,P,0.02855356881494853,1.1905211738303165,0.0009549726021094172
70,B0C,C,0.02914645801989462,0.3812625213582382,0.7741227282753416
71,B0C,P,0.060937788281600055,1.4398836770016077,0.00012873011704214263
72,B0E,C,0.09861441262828252,0.9079479652843354,0.8008913587744401
73,B0E,P,0.04357783702796834,1.2000770502136424,0.0036799820931475314
74,B0H,C,0.04801597086930298,0.7622104766729616,0.8103553253108057
75,B0H,P,0.04294497546535358,1.2070298500833945,0.0016619774246103634
76,B0J,C,0.06570835855645195,0.8329525939008151,0.8225084099450362
77,B0J,P,0.032981302465266045,1.1917772072170434,0.0020956893445803434
78,B0K,C,0.04712130770844052,0.7844218760050767,0.8316932970444354
79,B0K,P,0.024908545038773326,1.1557024400246596,0.0016539502761387687
80,B0L,C,0.14747269155969192,0.3563479973878408,0.8234692435876797
81,B0L,P,0.052778193878328696,1.1111102351099513,0.0019827828733349124
82,B0M,C,0.06300519280321266,0.8344264173135734,0.7986275272191443
83,B0M,P,0.023950880499293278,0.8620599013627503,0.0029231191202622104
84,B0N,C,0.05885843365160455,0.7842650520155354,0.8089888502298281
85,B0N,P,0.03821034454415979,1.203526888044869,0.002100115569379552
86,B0P,C,0.04387858473903896,0.808965521007379,0.784579128097864
87,B0P,P,0.034410213843620606,1.244345534835565,0.002076646637553471
88,B0R,C,0.07724019089301397,0.9472335059554258,0.6578493954834356
89,B0R,P,0.04343493984795926,1.1382815987122579,0.0015386234289503963
90,B0S,C,0.0515893054760693,0.6846437493667525,0.8261601226975198
91,B0S,P,0.0335096638001474,1.0060686396140859,0.0009671638029343443
92,B0T,C,0.052639428017586275,0.7622056700269021,0.7914871765118818
93,B0T,P,0.046577774485042946,1.2300494980716834,0.003625604346912129
94,B0V,C,0.06600180764093619,0.9029093241626359,0.8502478173586298
95,B0V,P,0.02894915254237288,1.21446687211094,0.0008348968105427703
96,B0W,C,0.042621680014375087,0.7465512653822198,0.8341014821145813
97,B0W,P,0.04318821673382542,1.0517239242673582,0.0018304076177074699
98,B1A,C,0.047702228031041974,0.8355988939154656,0.8306598632366362
99,B1A,P,0.042203224610904116,1.2126255227602178,0.002557794498413905
100,B1B,C,0.10347583585821259,1.2185579217707696,0.5759440491437485
101,B1B,P,0.047286027925058795,1.177267717833682,0.0037372319605799326
102,B1C,C,0.41349151054508976,1.4694056773157538,0.8804633558160242
103,B1C,P,0.05357075508052257,1.1428564400840235,0.0010948561863564875
104,B1E,C,0.04136120202976278,0.7690289023196589,0.8084447521935967
105,B1E,P,0.032616371728473745,1.2280192685981681,0.008255040510409505
106,B1G,C,0.03189778048031152,0.6203139148550757,0.9098199139033994
107,B1G,P,,,
108,B1H,C,0.010492380045508313,0.2707084895264981,0.9557653265970893
109,B1H,P,0.05636785123037501,1.3037478600903165,0.00258509201562009
110,B1J,C,0.10279398493907937,1.0187272874524014,0.5603647089776438
111,B1J,P,0.029816165629465388,1.2024331157294632,0.0023663532436240912
112,B1K,C,0.022608662882978827,0.2202787740407301,0.9103866125984498
113,B1K,P,0.046993062200535354,1.1826271298445208,0.002054261410795673
114,B1L,C,0.09364373645401135,1.1004361573047188,0.8118818848703518
115,B1L,P,0.031833771824683034,1.2112030177718194,0.0040420988706662015
116,B1M,C,0.030163760125844104,0.7490677011388296,0.9905781962959006
117,B1M,P,0.0,0.03611719945060635,0.010075155695636344
118,B1N,C,0.04581067497973728,0.5943804207118366,0.8008109675109937
119,B1N,P,0.049996814136737254,1.4000169912707348,8.363678149325772e-05
120,B1P,C,0.04744899772781289,0.9051454951140713,0.889411466061585
121,B1P,P,0.02472458710737566,1.1608216620658718,0.0005455176508520331
122,B1R,C,0.03762846879509437,0.6174791673719074,0.9127261253248206
123,B1R,P,0.05370467974146301,1.9111098782213098,0.0001377302059010988
124,B1S,C,0.05197064405287159,1.1544386445394639,0.9448792318073593
125,B1S,P,0.051107601604450444,1.2640729186056474,0.0018400190282070118
126,B1T,C,0.024870864502606446,1.3298018362848938,0.926343576502931
127,B1T,P,0.022423894522956928,1.242397652825994,0.00636921309642856
128,B1V,C,0.03420583318522679,0.7636146845245524,0.8922357056856769
129,B1V,P,0.039420458245038086,1.338695056310763,0.0007704578270395903
130,B1W,C,0.35060379067650793,0.9955151934706484,0.9368583725052109
131,B1W,P,,,
132,B1X,C,0.06546260767681256,0.6322043708822983,0.8089161075031539
133,B1X,P,,,
134,B1Y,C,0.013763105799606786,0.26863185162673153,0.9452386197624133
135,B1Y,P,0.0,1.0,4.986262839477211e-05
136,B2A,C,0.05873794539308628,0.9788454840458933,0.8798874575457666
137,B2A,P,0.04247264392400035,1.234841165467347,0.0028009683940562425
138,B2C,C,0.1380032142551865,0.3955889439800209,0.9411205650180707
139,B2C,P,,,
140,B2E,C,0.07141972558555806,0.9830258588013538,0.7550571800724162
141,B2E,P,,,
142,B2G,C,0.049200124123494116,0.9342478366702877,0.8080713738626965
143,B2G,P,0.019799151426999416,0.6812502008658932,0.006225830052194489
144,B2H,C,0.0615998497159082,0.8193397169746117,0.9147072459218404
145,B2H,P,0.048979315217740925,1.146619339461991,0.0020151929515253137
146,B2J,C,0.02705806966425264,0.5799772702542588,0.06191740253984795
147,B2J,P,0.05277786524637655,1.1111112360662523,0.07553694181520383
148,B2N,C,0.06949826222320667,1.0188119214373519,0.8903454382996636
149,B2N,P,0.018858733879673045,1.0312816104210074,0.0038854445267946978
150,B2R,C,0.05400254214136342,0.9152042127174396,0.9079891791323395
151,B2R,P,0.04518583334884789,1.1847420549959973,0.002990791296636038
152,B2S,C,0.042693532354184105,0.9846419714768834,0.8657230615555221
153,B2S,P,0.03329002511393899,1.1337248162577163,0.0024146867494418585
154,B2T,C,0.050316478217950794,0.7014767148776524,0.8900374465889609
155,B2T,P,0.04163929069052215,1.1871843060686906,0.004020239526474749
156,B2V,C,0.07768444538808789,0.8567975581697033,0.9184031545865322
157,B2V,P,0.03952036520439205,1.1675066528303857,0.002434732836283172
158,B2W,C,0.0381771797879386,0.868590650927126,0.940917417232647
159,B2W,P,0.03455412905603867,1.0644613136133743,0.004572192732262823
160,B2X,C,0.034370776689116464,0.8529177915889027,0.9525832838614239
161,B2X,P,0.04152412658799364,1.1512570697102937,0.0031379695964542
162,B2Y,C,0.049322544157485736,0.873737847892955,0.902039034072394
163,B2Y,P,0.03294701301126514,1.2693185623443077,0.003923457804632121
164,B2Z,C,0.03396474011440444,0.8178438390212649,0.8398978546061712
165,B2Z,P,0.06223600544740467,1.189176742191098,0.002689897443459992
166,B3A,C,0.030134366893928326,0.7166866609894395,0.9055841272210605
167,B3A,P,0.004489033736228553,0.18661475623493912,0.009312629780164365
168,B3B,C,0.05192577435777666,0.9094769483523456,0.9246539543096103
169,B3B,P,0.015596267875037598,1.1567057180471185,0.04390602500557048
170,B3E,C,0.04358669021622951,0.6685799215524734,0.8807975456927871
171,B3E,P,0.06481390760531865,1.1945499598873832,0.0020630206670698334
172,B3G,C,0.030395136918744643,0.39910949215843206,0.9609051032120561
173,B3G,P,0.05448529644375952,1.2028886545127513,0.00248592893331577
174,B3H,C,0.03450785259459336,0.7884911276982189,0.9566327307350568
175,B3H,P,0.02324552479521802,0.5649858579273946,0.011832177979609317
176,B3J,C,0.048742087926764766,1.0273993978726235,0.9524456135000126
177,B3J,P,0.014976188621638959,0.9407641420834051,0.010849063880884816
178,B3K,C,0.05121025563074429,1.058720902106392,0.8884827643705658
179,B3K,P,0.03743748635403037,1.2902617868753088,0.004214301525642492
180,B3L,C,0.05877893056599217,1.0687392787011503,0.8874337766374834
181,B3L,P,0.053743724623904816,1.364506697373696,0.0033308209285184856
182,B3M,C,0.047202505871382486,0.9912957835243742,0.8548096590512577
183,B3M,P,0.010307050261420696,0.49334115084490077,0.007353471891458826
184,B3N,C,0.045780764822226025,0.9600577879493085,0.9031490628138201
185,B3N,P,0.04778368269477071,1.3136371968338283,0.002813661166485881
186,B3P,C,0.043407447580819034,1.0840161550296221,0.9102948294967449
187,B3P,P,0.033439892578780814,1.2249952054392195,0.005153796920465682
188,B3R,C,0.04757252583908272,0.9029797186958833,0.9581184319615041
189,B3R,P,0.053270406486829756,1.32644916506239,0.005714779053792897
190,B3S,C,0.042240990002061204,1.0313194258407707,0.9741156299378068
191,B3S,P,0.042356744528011685,1.3856150063701662,0.002247314206035633
192,B3T,C,0.02669218071880928,0.6495375648004521,0.8989799937960737
193,B3T,P,0.033421162264618276,1.2100074071082183,0.0032621622291688474
194,B3V,C,0.045741826779299076,0.7908777154173009,0.8967990953938332
195,B3V,P,0.0287200977407403,1.2291717109007192,0.005836571222728365
196,B3Z,C,0.040014399466882115,0.7924513331376287,0.9384488795149849
197,B3Z,P,0.06120165563803313,1.200788271900657,0.003087413742023856
198,B4A,C,0.055804541151013486,0.9421421437989368,0.948748049447238
199,B4A,P,0.04033444601235735,1.2216590300655097,0.00419780306489671
200,B4B,C,0.050872378493593655,1.0212277364106639,0.917876741716975
201,B4B,P,0.03114157920810059,1.0444113761426526,0.0032569013412077955
202,B4C,C,0.04392757553952666,1.0166539364758214,0.8777216543205336
203,B4C,P,0.038772602243826323,1.3025392957435777,0.003448602711729121
204,B4E,C,0.046358148166370065,0.9118839163969557,0.9335504325944255
205,B4E,P,0.04800019850352741,1.270743630080054,0.004090321741144887
206,B4G,C,0.03799424780217455,0.7796335290961421,0.9159487909107101
207,B4G,P,0.06296659018198683,1.2044992944269246,0.001674929520880164
208,B4H,C,0.06616757840112575,0.9670950024810672,0.8826339534035305
209,B4H,P,0.042303333690836,1.176928746887927,0.0018341201949940095
210,B4N,C,0.07728821140281363,0.8927028087454241,0.9111288465658313
211,B4N,P,0.034216752768560905,1.076130085118283,0.00156046268449376
212,B4P,C,0.041723194793495774,0.7775389796558534,0.8618699046214805
213,B4P,P,0.017567368679472506,0.48075419047863327,0.010039209937189599
214,B4R,C,0.08986088163773764,1.0173704924252471,0.9124058035986251
215,B4R,P,0.03000115378967463,1.2223169145566302,0.000585130683055023
216,B4V,C,0.04626610678817314,0.6712712377138176,0.8905171459153792
217,B4V,P,0.03555482662441968,0.9568937569913627,0.002389049134412733
218,B5A,C,0.061108797466795005,0.9558284841241566,0.8527502807563334
219,B5A,P,0.06746375511529162,1.455918360372829,0.0005732318886237968
220,B6L,C,0.1141825258764292,1.0111345790475534,0.8283733261639679
221,B6L,P,0.05059409414356671,1.0698514310755052,0.0021440183303080783
222,B9A,C,0.03202505353169773,0.4608947776945466,0.9626415901841572
223,B9A,P,0.09999864027593333,1.8018156848703504,0.00018429203261313695
224,C0A,C,0.06655187573489449,1.0744754712681435,0.40202532595968865
225,C0A,P,0.031091275528493216,1.1275257758769883,0.004450792325419076
226,C0B,C,0.05864715830335089,1.06968110899065,0.45422517456145867
227,C0B,P,0.02289685860560387,1.434900041909818,0.007947783479561404
228,C1A,C,0.04924552917763263,1.0274559274802408,0.774748393603064
229,C1A,P,0.02438153977892696,0.923012453338282,0.007419218388960974
230,C1B,C,0.03917879724029404,1.06225700854135,0.3632072390445766
231,C1B,P,0.03184438037910403,1.2529715987194519,0.005888948840689865
232,C1C,C,0.0546065653299145,0.7000912085446044,0.4881545587340152
233,C1C,P,0.029195861486462273,1.2206790926050748,0.012246991676433752
234,C1E,C,0.08708474856155465,1.4237838985809863,0.6338347786945906
235,C1E,P,0.028123324157631767,1.1387575835966581,0.003979815313496123
236,C1N,C,0.07857380825085447,1.0926729383294649,0.7133419721209127
237,C1N,P,0.01788961865448267,0.7443396837864881,0.002198503486936384
238,E1A,C,0.0571231648872504,1.0980400878029328,0.8947942576426625
239,E1A,P,0.03719787032115055,1.1607954413110637,0.006488215733398045
240,E1B,C,0.0653908007622205,1.1724251210684196,0.8520862785580945
241,E1B,P,0.037453249139965596,1.1988360182539586,0.005495214938014864
242,E1C,C,0.06622952935017214,1.1465473864835043,0.9040153090219298
243,E1C,P,0.041723425229780134,1.357087860329867,0.003707510781771331
244,E1E,C,0.048314902105253764,1.1227618982559384,0.9239138255482914
245,E1E,P,0.04232810205311653,1.2389088572620355,0.004133242659289959
246,E1G,C,0.05336671524760117,1.2629496619067513,0.8307089058028329
247,E1G,P,0.032908446442799034,1.2229992111753623,0.005366631690076049
248,E1H,C,0.04110340507591281,0.8851151591048144,0.8918029673298894
249,E1H,P,0.03505590652483436,1.1972616842338355,0.003289792007660861
250,E1J,C,0.09387036344280189,1.069980519117488,0.7215754414276329
251,E1J,P,0.0276703417695576,1.1398010610201466,0.0024745853553700603
252,E1N,C,0.04336925597209282,0.9614709693633892,0.861696521037837
253,E1N,P,0.020774329028004634,1.184866926721018,0.0018399939303970464
254,E1V,C,0.07458355341062009,1.1674947458399332,0.8446588348463482
255,E1V,P,0.03360296181426143,1.2372339022077639,0.005402866930879437
256,E1W,C,0.06815006350066069,1.1210218715724445,0.7864128332590389
257,E1W,P,0.04563379593059055,1.223962161041702,0.002867199874001317
258,E1X,C,0.058426321094627705,1.201710355900137,0.837408736883365
259,E1X,P,0.032066772751481926,1.2120327845334626,0.005581377557620741
260,E2A,C,0.06538925095741394,1.0893787263368653,0.813507148212571
261,E2A,P,0.027746195210573466,1.226476962079509,0.004704432938105945
262,E2E,C,0.054129415588297314,1.1452336553586335,0.8823299047690134
263,E2E,P,0.028573209062685213,1.1996031491311967,0.002815072433590367
264,E2G,C,0.06215671421131673,1.4155027162380567,0.8044172783686124
265,E2G,P,0.03713550580595375,1.2084327143013311,0.010307812377592209
266,E2H,C,0.0631653105587865,1.0866657102930999,0.8957863041779635
267,E2H,P,0.028347925560729636,1.224393681168899,0.005163956971708008
268,E2J,C,0.01920820426873941,0.5745455131295369,0.9482687550818242
269,E2J,P,0.028617829024811314,1.2323210603901202,0.004828619780849087
270,E2K,C,0.06452729031351008,1.1820592100506657,0.8406759512211195
271,E2K,P,0.024985067877366554,1.0465942823458687,0.004304077396877433
272,E2L,C,0.035442905013800506,0.7934855056574527,0.9102631995969706
273,E2L,P,0.02909096257057127,1.0986437780503613,0.00782484266528082
274,E2M,C,0.0568067929531904,0.9672168169570634,0.8275192438792888
275,E2M,P,0.03898193010168106,1.2008841911643682,0.002809097967316684
276,E2N,C,0.03174112948434168,0.6601527140532394,0.8551675025185369
277,E2N,P,0.021154979375368296,1.2087913608685559,0.0038913242483426687
278,E2P,C,0.023674417108638726,0.6969502215733618,0.9821545559777467
279,E2P,P,,,
280,E2R,C,0.05260533214087069,1.0021409934987444,0.9695729342197899
281,E2S,C,0.10793992521262263,1.0547158902702214,0.39991398098845593
282,E2S,P,0.023277494352374004,1.1911540897357338,0.004251324891128471
283,E2V,C,0.056135691506828254,1.216680298593871,0.8983547002556509
284,E2V,P,0.021109758068269265,1.2405848510987896,0.004417540472226448
285,E3A,C,0.08674474164885751,1.1616209687893433,0.8054245089272684
286,E3A,P,0.024373694319421522,1.2206191549521592,0.0077940321960012875
287,E3B,C,0.05541805637996933,1.0722595741723424,0.8698340175429696
288,E3B,P,0.024300381320280465,1.0910734344416582,0.010275764338838674
289,E3C,C,0.06579286915744952,1.228453687860518,0.9143127949372081
290,E3C,P,0.020442278423543993,1.1505753820633793,0.0073705250903061265
291,E3E,C,0.05652344582636941,0.9025315567624644,1.0
292,E3E,P,0.019967468236446864,1.2302142074610025,0.01085053790097178
293,E3G,C,0.07609616212151982,1.3685236585068234,0.6219667714111355
294,E3G,P,0.017386702226855455,1.2169465198387837,0.007850744490583862
295,E3L,C,0.07108443524910482,1.0561043474221778,0.7165560778572069
296,E3L,P,0.0421066686654373,1.2372342797171265,0.00631685563747526
297,E3N,C,0.05422275598691687,1.0417146584206813,0.841814150082546
298,E3N,P,0.031681916942183086,1.1932226592655302,0.007714653391421323
299,E3V,C,0.044171251242943015,0.8654792561987812,0.8535648968669661
300,E3V,P,0.018196602915767125,1.159262288054357,0.005683075454340197
301,E3Y,C,0.11282873252469351,0.8824365354961378,0.7043125187724616
302,E3Y,P,0.017546754327082605,1.1842204166224295,0.005607170896249043
303,E3Z,C,0.06012731954547244,1.093123213763071,0.6450094398496354
304,E3Z,P,0.03098685129418092,1.1968624809583295,0.0029886571536396926
305,E4A,C,0.04297648298118762,0.7087844349811634,0.7875560158444076
306,E4A,P,0.021830848328143894,0.9627895187990305,0.00377071845330002
307,E4B,C,0.06742122979305996,1.1524951007599913,0.7399888420332537
308,E4B,P,0.02158866036145737,1.1515879543424834,0.008197125167478019
309,E4C,C,0.09278078405730299,1.2136555991589066,0.4561722780483954
310,E4C,P,0.01975097015802947,1.1055322375899677,0.007090929341393998
311,E4E,C,0.051387493056046535,0.9488974694173905,0.808110063378307
312,E4E,P,0.02816378308732848,1.0943339775544911,0.0020374337327642004
313,E4G,C,0.14503075876425509,0.5352011126113082,0.7610727645905525
314,E4G,P,0.009755367544459822,0.926313793597483,0.006450402899814458
315,E4H,C,0.05874665644261742,1.1984741150632972,0.5416815829050116
316,E4H,P,0.014804659474566002,1.214370738548435,0.000718901792381593
317,E4J,C,0.05901176248083358,1.1686330209010265,0.5702534652065088
318,E4J,P,0.029596544460207666,1.1703310503057989,0.0016790992329642099
319,E4K,C,0.06705981606499463,1.171378031545248,0.6623863955187436
320,E4K,P,0.026599197575561232,1.1985647599221845,0.006454282128594807
321,E4L,C,0.04844911303134294,0.9252481288227333,0.8107488288142216
322,E4L,P,0.011791684094193825,0.4153344897029352,0.004795401023997873
323,E4M,C,0.010976756338708676,0.6238729988234352,0.9745525690117495
324,E4M,P,0.01499795293585662,1.003435401377338,0.0011009019943945346
325,E4N,C,0.07215319932126633,1.140837530822775,0.6552772517811936
326,E4N,P,0.02531218136799707,1.221042980497978,0.0012498258812007163
327,E4P,C,0.06286815212626241,1.177807482103509,0.7167658870545018
328,E4P,P,0.028436848414860855,1.2389345387135897,0.0008877418715344007
329,E4R,C,0.07086976208977916,1.1704495935784702,0.5876872678831596
330,E4R,P,0.028756006674577155,1.2466236847192464,0.0004967964550139513
331,E4S,C,0.06432766785394614,0.9923680949831581,0.8040132924873264
332,E4S,P,0.022034859800678493,0.9847045079469066,0.0022744448181236695
333,E4T,C,0.06140207800851669,0.7828830759901892,0.5095199390752917
334,E4T,P,0.09249546111831326,1.1228345831481896,0.0009480993736561047
335,E4V,C,0.06319253600530299,1.0687431049682694,0.6667894418790026
336,E4V,P,0.03301105623791461,1.3562695808601093,0.0006655226073141741
337,E4W,C,0.07465833685454426,1.06089040653955,0.8277962446438554
338,E4W,P,0.03859718307149772,1.220969979190097,0.0037247589909554586
339,E4X,C,0.06699996510603007,1.190699900002947,0.7140356530758143
340,E4X,P,0.02795698924731183,1.1827033130597686,0.0005714010673227034
341,E4Y,C,0.09315230077803753,1.224517050826313,0.7279400754289468
342,E4Y,P,,,
343,E4Z,C,0.0356246332672653,0.6658046063183949,0.5520801725157362
344,E4Z,P,0.026149758619378658,1.1773826030248349,0.009444945373719852
345,E5A,C,0.1904810935638287,1.3006728859575372,0.5734713879352257
346,E5A,P,0.03017094310169164,1.1934636866008053,0.008031120169056341
347,E5B,C,0.03425773640776054,0.8375795682487982,0.7477948014974724
348,E5B,P,0.05427534835817803,1.219064781338076,0.00855359121691858
349,E5C,C,0.06198646047301005,0.913937313256798,0.7847502451010531
350,E5C,P,0.03870258054177618,1.183732058658396,0.006728901368319304
351,E5E,C,0.12075943223924157,1.1112035201977826,0.653609981572609
352,E5E,P,0.0500007904888383,1.2222222222222223,0.004166934750207094
353,E5G,C,0.08661694366380208,1.206866481189619,0.6863481849335593
354,E5G,P,0.0,1.0,0.00014450902801356282
355,E5H,C,0.0538446234508024,0.6662562300386166,1.0
356,E5H,P,0.01894485876087716,1.2222219336507907,0.0022956496714773844
357,E5J,C,0.0416102100288912,1.0978251160012922,0.5615964751254625
358,E5J,P,0.021312962646436225,1.1040067902289656,0.001072758333844588
359,E5K,C,0.06618231555252663,1.1074342827075265,0.8222011387276054
360,E5K,P,0.019533178945335374,1.2139178762201281,0.008969616962912673
361,E5L,C,0.10060417120675712,1.0769523990973715,0.8026651973884786
362,E5L,P,0.03350822496850235,1.2097603637271614,0.0049158798277055375
363,E5M,C,0.08546602766193138,1.2264079222410855,0.632172715019925
364,E5M,P,0.016272141500374208,1.028050454903894,0.0026677155789929597
365,E5N,C,0.06393643261745297,1.169044865114763,0.7008120475521561
366,E5N,P,0.04056099964129136,1.2170884824612145,0.002039534237740192
367,E5P,C,0.03390820657399448,1.0359801799348165,0.5315028044381533
368,E5P,P,0.05616529506879825,1.3550989308776733,0.0022496366238593125
369,E5R,C,0.010369648897422408,0.9982808974698125,0.9439651491949235
370,E5R,P,0.03673320132195368,1.2719974885639969,0.005687261144426534
371,E5S,C,0.15152826340924272,1.1233452484218704,0.40767990004867305
372,E5S,P,0.017649273623172312,1.21265748366355,0.004090785431184209
373,E5T,C,0.07816137053628819,1.0744544597632346,0.3125003667913167
374,E5T,P,0.0,1.0,3.128720107078551e-05
375,E5V,C,0.09325738926163699,1.015600231693778,0.4702878932818545
376,E5V,P,0.029597245457989547,1.219612365935676,0.0025277051299098115
377,E6A,C,0.09580694178689961,1.0617349772886229,0.59475520443621
378,E6A,P,0.02430937570011885,1.0386852881970268,0.004598145777951488
379,E6B,C,0.07995610541407983,1.106046390496934,0.6093546615133152
380,E6B,P,0.024208004194063906,1.2088850211937512,0.011018078029818803
381,E6C,C,0.06654695823039444,0.8504849113043509,0.6812864479286352
382,E6C,P,0.01069854826645052,0.4605963540298552,0.01922177998954003
383,E6E,C,0.06990987421977246,1.0542428271044337,0.528770118919339
384,E6E,P,0.017721349591197463,1.2147567428083825,0.018736218524625925
385,E6G,C,0.02061067179140473,0.5980458386305236,0.9903021637302328
386,E6G,P,0.020355643479177468,1.217777861773703,0.006187732254326608
387,E6H,C,0.1068013361263887,0.7472231767171768,0.9413595874818658
388,E6H,P,0.015401460184264939,1.2222221887079285,0.006487757712045606
389,E6J,C,0.08408943347561917,1.0691260292997606,0.8831862347552697
390,E6J,P,0.021507456954973865,1.20147426251953,0.02975675120214342
391,E6K,C,0.08562107086986244,0.8507864919903496,0.6614039329886748
392,E6K,P,0.012764321445359203,1.1923570448520746,0.005792093359118362
393,E6L,C,0.08134861157739381,1.3960947920864113,0.37320999769545704
394,E6L,P,0.022406850986962993,1.2112006126884036,0.006562221440577872
395,E7A,C,0.032112424419487924,0.8979497045174488,0.8357128350460653
396,E7A,P,0.04075818790951695,1.0647987308466933,0.002431406399906703
397,E7B,C,0.05128758249393336,0.8461015458739394,0.8224254982238693
398,E7B,P,0.030142213634172313,1.1783898809504236,0.0023701047738406123
399,E7C,C,0.0417051241702273,1.0889586940427796,0.9207039132196995
400,E7C,P,0.02134697967416998,1.1819056933407313,0.0022884819228679814
401,E7E,C,0.05003699495353423,0.6911887282943969,0.9450462045543376
402,E7E,P,0.020737752652585827,0.9296436231410593,0.0008636825068411812
403,E7G,C,0.08227930329457446,0.7521813323164367,0.5533586545125687
404,E7G,P,0.030816868788126364,1.2218043912093393,0.004017846868125909
405,E7H,C,0.038884440063571106,0.8082098680036918,0.9421091550357836
406,E7H,P,0.033618951449949294,1.2575272461578417,0.001785914293656851
407,E7J,C,0.05790392375205115,1.0301436766660979,0.29686510575627995
408,E7J,P,0.01130374715132003,1.2080769906837756,0.0026779045566343463
409,E7K,C,0.08119823152968224,1.2694230363755308,0.42598771224886794
410,E7K,P,0.025455936856249195,1.2105678577307937,0.002086783858766544
411,E7L,C,0.032829733292676966,0.814438780212476,0.6994603230859076
412,E7L,P,0.02341141403291517,1.0509381129119284,0.0020117162287837903
413,E7M,C,0.06750323657722465,1.1842955694099768,0.7095858796341303
414,E7M,P,0.02813612857994243,1.1883874749736536,0.006327944162774568
415,E7N,C,0.040860809283624316,0.49092953273973367,0.60786471275811
416,E7N,P,0.026001061948704145,1.0673277174831928,0.004712438177973065
417,E7P,C,0.17152099891527472,1.0222619310890724,0.6811045076208978
418,E7P,P,0.022334198227488004,1.2263235225159042,0.001122230182043035
419,E8A,C,0.13904439994750306,1.1332035157081837,0.6259033267497088
420,E8A,P,0.020532040059221896,1.22155857169396,0.0010119109769499417
421,E8B,C,0.07047197242343865,0.974294511200844,0.7445753013124845
422,E8B,P,0.022498163250735274,0.9275180738430783,0.002061034237167874
423,E8C,C,0.06362698121063767,1.100649037765429,0.8184784948909174
424,E8C,P,0.04329721548380432,1.2354074281333274,0.011230354664241033
425,E8E,C,0.049108685844068654,1.0883246024439701,0.7853886685996663
426,E8E,P,0.018768889126394604,1.2039995962402845,0.0009162008501773988
427,E8G,C,0.08811119423807737,0.8026367628362115,0.8785007494805808
428,E8G,P,0.05593394256189867,1.237341606608963,0.003054422390426058
429,E8J,C,0.0769663043118341,1.0523965893759426,0.6466961580120705
430,E8J,P,0.02934542117125493,1.2622704548136252,0.004312379498764875
431,E8K,C,0.05874700997889505,1.2114452228440817,0.6215170377043042
432,E8K,P,0.03080513500222793,1.0769949792037898,0.0013817042417707142
433,E8L,C,0.07760185995262134,1.1654627936935409,0.6002929063070656
434,E8L,P,0.025070771564567676,1.2681726199710985,0.0066517324885796095
435,E8M,C,0.025613669621691756,0.5782404543804173,0.7717347747817556
436,E8M,P,0.032862014987368154,1.2429350298231114,0.0030401112200753567
437,E8N,C,0.10409078746955927,1.0505652212459355,0.684525709105034
438,E8N,P,0.023833578126458227,1.0370116331854307,0.0023124813954604386
439,E8P,C,0.06203046306240362,1.2958633259744852,0.5627836638559629
440,E8P,P,0.0535848990846471,1.2301364385292906,0.006704024712843825
441,E8R,C,0.06703045576767393,1.2002385469644221,0.7668474053853853
442,E8R,P,0.03264708893590881,1.2464848815780494,0.0020782531854769332
443,E8S,C,0.06632172800292449,1.2317067141000086,0.7751541141996185
444,E8S,P,0.030987810383747177,0.757423927765237,0.0012659827174555081
445,E8T,C,0.08133588295919375,1.3177734047686973,0.6702937511893441
446,E8T,P,0.047794156704491816,1.1514450402104084,0.0030583961412284826
447,E9A,C,0.04265258092278877,0.9156431303928255,0.9013747087403174
448,E9A,P,0.01914734267995847,1.1956388405040597,0.008733438775896834
449,E9B,C,0.08364948648552874,1.1906012301695106,0.5607392499512074
450,E9B,P,0.018455542520348946,1.154222444425744,0.0034529808778957743
451,E9C,C,0.05971153780633045,0.8835765282214718,0.889593470601016
452,E9C,P,0.011389112979783773,1.1882626226461739,0.025030211385749596
453,E9E,C,0.0874972909955206,1.1142388728414332,0.5750192319924944
454,E9E,P,0.029279757729055715,1.2237696252309578,0.0022984800650773106
455,E9G,C,0.06739524881646254,1.1129196396846623,0.7017056396559366
456,E9G,P,0.01757987153820487,1.2016856439773107,0.006856860042307736
457,E9H,C,0.11143054042387014,1.2836578466334996,0.6069729758333514
458,E9H,P,0.005255376421559869,1.1720238747125178,0.0013209941685507398
459,G0A,C,0.09628688482635535,0.8850061492408234,0.7721601957005436
460,G0A,P,0.021841425136186976,1.202422452651161,0.06285451125348408
461,G0C,C,0.09057318071000228,1.1143550448269066,0.4953852684157989
462,G0C,P,0.0169686404983494,1.216594673741187,0.07132840068022928
463,G0E,C,0.04341119399445459,0.7421007186485876,0.7502843127809367
464,G0E,P,0.017220464561388666,1.2104074303490757,0.10230493752362183
465,G0G,C,0.027780554394860702,0.2692799577979919,0.944535003163885
466,G0G,P,0.016663337936272695,1.2144403029460922,0.08837689478545485
467,G0H,C,0.027220118065248617,0.12273098820333006,1.0
468,G0H,P,0.018008798629914127,1.210243862594482,0.10887683409765916
469,G0J,C,0.13767767204530745,0.8008312196512855,0.7064452309504456
470,G0J,P,0.01824462671537688,1.2094111148600935,0.07575761821972715
471,G0K,C,0.10271651784155195,1.1291675000611208,0.8691620188740586
472,G0K,P,0.016147431350026466,1.2052632447889848,0.07782063014659522
473,G0L,C,0.18668760811491236,0.9915368692709323,0.6586722220711388
474,G0L,P,0.02677792028853202,1.2110309672687751,0.044645539130552025
475,G0M,C,0.05218877785847437,0.5418436086862669,0.9051796205951864
476,G0M,P,0.013134417995539055,1.2114168508663627,0.06960149450282747
477,G0N,C,0.2083214078094849,1.2613138043687402,0.6170664603931668
478,G0N,P,0.014267033722702873,1.2121024974755925,0.09535277318897052
479,G0P,C,0.134394913860868,0.8746586289590806,0.7026744550814827
480,G0P,P,0.018961378290503192,1.1881957186709124,0.06461957226552846
481,G0R,C,0.0791923596536829,0.7005094838357453,0.7931916601188455
482,G0R,P,0.0165081919248219,1.3095369362830718,0.045725539354987445
483,G0S,C,0.14890487265413413,1.1246697523433762,0.7597599137337616
484,G0S,P,0.017902605860162686,1.2044735405379694,0.05761348950896625
485,G0T,C,0.02901318632622103,0.28939316502416224,0.9045286399156868
486,G0T,P,0.025947590032239648,1.1956599721983254,0.06918299121662813
487,G0V,C,0.10029038695332358,1.1136133462880649,0.7722316505638368
488,G0V,P,0.020973256091944933,1.2065473089645884,0.05881279167034906
489,G0W,C,0.04873836606459631,0.32673957212116544,0.9188441138004687
490,G0W,P,0.018020997357511618,1.213803846541765,0.06813477928529571
491,G0X,C,0.055478174688019834,0.41019707068822964,0.8798020298405421
492,G0X,P,0.017135664269900472,1.2112380383169332,0.0844188463145066
493,G0Y,C,0.08783626743493596,1.1246209091897976,0.7769003978033359
494,G0Y,P,0.015444568352295542,1.2100338233214825,0.0950435894332966
495,G0Z,C,0.1257744824916666,1.1051474074487482,0.8418644059891638
496,G0Z,P,0.016185576707064022,1.178278326964127,0.03910773964294476
497,G1A,C,0.01421782335788851,0.3176356580257876,0.8373895107192586
498,G1A,P,,,
499,G1B,C,0.10003509414856969,1.026780414561068,0.6812072782472419
500,G1B,P,0.021679872144738772,1.1940419600715735,0.02866979539217505
501,G1C,C,0.08534562406899823,1.2438101184483308,0.669820022228699
502,G1C,P,0.022034162352405344,1.2099493403550357,0.04380412479545101
503,G1E,C,0.08007963901960251,1.0712140633130351,0.5727043107712849
504,G1E,P,0.02368937772812588,1.2280821935067165,0.04849972774848144
505,G1G,C,0.0916504148472612,1.2703114062672398,0.6256280199806318
506,G1G,P,0.019955329825717048,1.206846809908422,0.0386524141654051
507,G1H,C,0.06490112314377817,1.053848553650937,0.7440944507395296
508,G1H,P,0.02436952918637855,1.2320041894977665,0.041325232140510884
509,G1J,C,0.040512484188422584,0.9019262947401018,0.3199281263664988
510,G1J,P,0.02854812391549882,1.2449522048924122,0.0389817341949963
511,G1K,C,0.09350333755465286,0.8537154381867588,0.7951709706305331
512,G1K,P,0.026962932950872993,1.0899914135484308,0.09797858088604505
513,G1L,C,0.05780093601842301,0.767106365107032,0.3961652030585236
514,G1L,P,0.031143210147818762,1.2813468295776305,0.035577368832678195
515,G1M,C,0.07915217623847895,1.2219841910935019,0.6036134203156798
516,G1M,P,0.02821337742822254,1.2502833120242933,0.05517241783596061
517,G1N,C,0.09537836788677999,1.182135042104943,0.7735058492519055
518,G1N,P,0.03621599287957815,1.3159219000345808,0.041771233119583626
519,G1P,C,0.04957157544979786,0.9823447968251126,0.8839400129328563
520,G1P,P,0.02159475320417441,1.2427302630208397,0.04280750765015536
521,G1R,C,0.08479555593900145,0.9689050828631707,0.6693766860397398
522,G1R,P,0.014504069224726827,1.2044644757030196,0.15385565501357312
523,G1S,C,0.06989684251595729,1.0206625127326552,0.530016960304553
524,G1S,P,0.011825511601418776,1.2123660153492866,0.15102396043021699
525,G1T,C,0.058666160995559866,0.9014570206417434,0.9520544937298899
526,G1T,P,0.01151243218687945,1.204659345642587,0.15920459060139994
527,G1V,C,0.04468911484417439,0.6440499063246112,0.6941295896906494
528,G1V,P,0.019732732082699135,1.2410586195656677,0.10453893806715024
529,G1W,C,0.07447663864546263,1.1750206200597881,0.8385958041109537
530,G1W,P,0.014795313387965992,1.204210222985424,0.10754817112533491
531,G1X,C,0.06036523457782871,0.9594032009434952,0.8962821214209753
532,G1X,P,0.01568374353420141,1.217794384400985,0.1000079918046147
533,G1Y,C,0.053648831859012425,0.8917335189996055,0.7168289744337444
534,G1Y,P,0.015534507591309086,1.2158245713916138,0.07222805346505719
535,G2A,C,0.09646520711682267,1.0410768091096088,0.390678572810183
536,G2A,P,0.02067045640227991,1.204505107525462,0.04103430430837444
537,G2B,C,0.08552385487652261,1.1607706538662934,0.7836649001761031
538,G2B,P,0.022017286649148177,1.121490670488876,0.043824865203312705
539,G2C,C,0.07987144577765969,1.1800895198750663,0.905812071596955
540,G2C,P,0.020801455616257857,1.2271056463372674,0.060612061780475186
541,G2E,C,0.08770427619356512,1.0147503448005557,0.9112953600896438
542,G2E,P,0.022426826303940488,1.2055113992516073,0.0359189794092515
543,G2G,C,0.09111203797614094,0.9981491636263831,0.9184152089069112
544,G2G,P,0.019609032445059953,1.1773151145285066,0.044371392625783705
545,G2J,C,0.07820643318057315,1.0364509430345037,0.8387242910963337
546,G2J,P,0.02047415053712447,1.1378766251033192,0.06221678500642764
547,G2K,C,0.09113157763728146,1.123078021361704,0.8927859105165007
548,G2K,P,0.02058599392069793,1.2223843436578605,0.06603374800332705
549,G2L,C,0.08321047891277285,1.1039055267156253,0.7420100303409752
550,G2L,P,0.01988432307640133,1.2132982071324556,0.05236139117213869
551,G2M,C,0.12389548320571629,1.5312906630647696,0.6237138787211134
552,G2M,P,0.022181461760740272,1.1692033182268238,0.03818820872640749
553,G2N,C,0.09494889455567572,1.378256583905918,0.6224075469028375
554,G2N,P,0.02358527141604801,1.1981634392519607,0.03304675176493535
555,G3A,C,0.0869930298003994,1.0465432316599328,0.9344306858924275
556,G3A,P,0.013918741476501939,1.200373884607569,0.09306790563667712
557,G3B,C,0.05797775941673025,0.6327411903557325,1.0
558,G3B,P,0.020433772097708598,1.199810830780326,0.0616227075140702
559,G3C,C,0.06294591687093454,1.0943998695186925,0.7850515174635861
560,G3C,P,0.024051744402926397,1.2121648577986728,0.04449604031633989
561,G3E,C,0.10445018750736687,1.2723661221468137,0.4581387092511123
562,G3E,P,0.024139119474752127,1.2124145714684966,0.03760093381387333
563,G3G,C,0.1352734645229529,1.3072877986037712,0.8106570910604192
564,G3G,P,0.025876346554191815,1.2170541610466385,0.04596014405676556
565,G3H,C,0.11377026734647719,1.285130434069698,0.4958098273798409
566,G3H,P,0.01622696984246049,1.2172593969228838,0.05707695616065486
567,G3J,C,0.09424219676283291,1.2245142622175833,0.6254713628438906
568,G3J,P,0.025820522492741485,1.2094373445450293,0.047884464627007774
569,G3K,C,0.06935204793806017,1.1896825812279328,0.7978621461079505
570,G3K,P,0.02150664436939891,1.2162521642662902,0.04080753752199148
571,G3L,C,0.07787029000963488,1.2622643383221606,0.6256541695824288
572,G3L,P,0.015260583104850367,1.2128713331801482,0.05207580136686706
573,G3M,C,0.026676535801680685,0.8111265048815554,0.9287076807290152
574,G3M,P,0.02162228479061502,1.227785024130481,0.05244329162216167
575,G3N,C,0.08682933079323482,1.3557844572813562,0.7252670132444308
576,G3N,P,0.01963067110838467,1.2040160771102963,0.049038588097364576
577,G3Z,C,0.10481864580497839,1.0481188940500519,0.35376725147010485
578,G3Z,P,0.03322555974791363,1.2013000838325842,0.10674878024785127
579,G4A,C,0.1355816048646942,1.5661807070494447,0.3316053518318565
580,G4A,P,0.022227536375666237,1.1752991362874068,0.06417025852678736
581,G4R,C,0.017602349601823667,0.41173286410253856,0.9156818365224584
582,G4R,P,0.012967513677395239,1.2213751216208166,0.10869671290673537
583,G4S,C,0.023167605188551696,0.12956273161724738,1.0
584,G4S,P,0.018229425799082564,1.2090651193438815,0.12396945240145976
585,G4T,C,0.04657705790087616,0.8533891429674345,0.4276347233976598
586,G4T,P,0.012373807856461501,1.2120340700922216,0.09304743148234179
587,G4V,C,0.17894662379941978,1.1807146510775164,0.33762593228232485
588,G4V,P,0.01725026142311161,1.2116395469506855,0.11116778654634651
589,G4W,C,0.10966182342708879,1.051644002023454,0.575751891699408
590,G4W,P,0.017018990874755575,1.2153595002887854,0.08761961721630993
591,G4X,C,0.08932331249446869,1.0961966351833692,0.38792555618550706
592,G4X,P,0.015707702278574688,1.2088534722736037,0.08612931431786246
593,G4Z,C,0.02197333821450242,0.12426561391544141,0.9773847175074157
594,G4Z,P,0.013719706856655743,1.2215159208051343,0.1091603872812751
595,G5A,C,0.07263088586925547,0.7841690557002031,0.599464972231123
596,G5A,P,0.033258690715290556,1.2000546960430978,0.09125634533309063
597,G5B,C,0.03960599018813014,0.733451010866809,0.8419764910393055
598,G5B,P,0.013133441126393058,1.2153216093414987,0.08533898320685387
599,G5C,C,0.027533793519503816,0.30147420352601917,0.8433192705195552
600,G5C,P,0.012742845369321852,1.2254408356412283,0.10766685425150839
601,G5H,C,0.10934425910021485,0.9484813553808984,0.4108481621889905
602,G5H,P,0.0172015550300678,1.2104509306181568,0.08004924832388388
603,G5J,C,0.1980873259943826,1.235104266875138,0.4155914885122202
604,G5J,P,0.01571532217157524,1.2161016928666029,0.09181304258053768
605,G5L,C,0.08998538762509709,1.0259667823543044,0.5471397986467669
606,G5L,P,0.014834598026825256,1.1934724957700964,0.07134149214720781
607,G5M,C,0.12812111842234766,1.2239495693486393,0.8011799170622331
608,G5M,P,0.017226572220482492,1.2095574184726672,0.07238492945876764
609,G5N,C,0.11807745195938185,1.5107271195618917,0.50937980086739
610,G5N,P,0.015335899779177748,1.205198816628115,0.07853609362259074
611,G5R,C,0.09525480700363657,0.8583089005951728,0.5075563367908937
612,G5R,P,0.020493769006663276,1.0029903892564285,0.04216054804396542
613,G5T,C,0.1269832113066119,0.9231398027146502,0.8603037637827977
614,G5T,P,0.014313242711471604,1.2104670244589344,0.08857347267077004
615,G5V,C,0.1275406417183313,1.3072626460868033,0.4476025095471615
616,G5V,P,0.02099760128099029,1.2224588615747485,0.03603800932720401
617,G5X,C,0.07276058986861898,1.225371075448382,0.6283223878128897
618,G5X,P,0.013997975299198056,1.215767198909914,0.042975673178458115
619,G5Y,C,0.08685988706934467,1.1613878141431333,0.597895656245347
620,G5Y,P,0.0141600996880076,1.2154333387228469,0.07716191495774247
621,G5Z,C,0.050459219184656914,1.1047183860094554,0.8259235263048236
622,G5Z,P,0.012113384957659729,1.221167639075812,0.0869565168401213
623,G6A,C,0.07466091862411973,0.9913761056809093,0.9659514042886375
624,G6A,P,0.015631316615443,1.215760422552489,0.11907988220144362
625,G6B,C,0.071884118124664,0.9543333318085034,0.7389645059073503
626,G6B,P,0.015997127568968563,1.2124062368136141,0.09410654317673564
627,G6C,C,0.07342981468350596,1.105453130757989,0.84614105818819
628,G6C,P,0.01589678811668829,1.2257027274898724,0.057303174669550254
629,G6E,C,0.1319376487819147,1.3386951193022096,0.7262890492068065
630,G6E,P,0.01228120354549002,1.2135893071490182,0.09025249716348276
631,G6G,C,0.09892871412928783,1.1706438690210075,0.5839044175823633
632,G6G,P,0.015731920081906454,1.2060261277210955,0.05641532665710015
633,G6H,C,0.07841618285086187,1.3666346947185384,0.70043056266874
634,G6H,P,0.017363775354810717,1.223202060158646,0.04780528131206598
635,G6J,C,0.09345200321794947,1.2304399851145427,0.5442161487913721
636,G6J,P,0.016339816692672957,1.2201235253907337,0.04287386410228639
637,G6K,C,0.08356989545786911,0.9271475642047631,0.6600172486528205
638,G6K,P,0.020489011595491678,1.2149860162995738,0.0365534607362915
639,G6L,C,0.14806422488318957,1.166511695936558,0.7181172266337135
640,G6L,P,0.0156279021638338,1.2130900481378464,0.061544611299620855
641,G6P,C,0.18862890501136872,1.2625502483644542,0.4876218351949424
642,G6P,P,0.0180680792013421,1.2179996530955308,0.057966900363724275
643,G6R,C,0.07792507290941632,1.0590844578282426,0.5724956174485785
644,G6R,P,0.010537657503077138,1.2162947349254827,0.0946727479048183
645,G6S,C,0.09844719310453966,0.8639058693949254,0.8059999940831941
646,G6S,P,0.01057072116690841,1.2270035797296848,0.0665379832841587
647,G6T,C,0.10608885811672276,1.2139332393191422,0.8288335791079035
648,G6T,P,0.013097598578587007,1.2138670537866405,0.06814774485716756
649,G6V,C,0.10636981060228431,0.9554647742836199,0.7282478004826842
650,G6V,P,0.013843351906644482,1.2229041795383555,0.11368801320628247
651,G6W,C,0.10607208666503945,0.7724922718469471,0.8768586746051082
652,G6W,P,0.01680185443665086,1.2085044559609086,0.08994394913840592
653,G6X,C,0.06377396552186296,0.8282926231380949,0.5569371698388997
654,G6X,P,0.018553090791253255,1.2431731151791943,0.03618984869135432
655,G6Y,C,0.10473285047877823,1.1331130069257225,0.9322618961507043
656,G6Y,P,0.01182278525840545,1.2276832365597923,0.10276366556581137
657,G6Z,C,0.038638570618550784,0.8379899593397986,1.0
658,G6Z,P,0.01859571304012408,1.2088115925941352,0.04685908208321566
659,G7A,C,0.08915252579051597,1.2073022720365374,0.9223721730049124
660,G7A,P,0.018182662892605367,1.2061228597639402,0.06591385861501899
661,G7B,C,0.00768337504808038,0.24766704063031322,0.9560783777878509
662,G7B,P,0.019894931122794984,1.2130491346010592,0.04601805640535182
663,G7G,C,0.09757144417112405,1.3350599587229466,0.3780100875967782
664,G7G,P,0.018247185971754988,1.2190415140090303,0.04500538584535009
665,G7H,C,0.08219585094304763,0.9781000840294122,0.5284899490933722
666,G7H,P,0.020120876677381515,1.1982014791028064,0.07731584810391723
667,G7J,C,0.03679757978365886,1.1241168622998088,0.8442806564467539
668,G7J,P,0.016787017520649237,1.2277572252651336,0.04667581170627018
669,G7K,C,0.08067079852295254,1.18206265705502,0.7167796439139251
670,G7K,P,0.015095543713259966,1.2415012007898405,0.03792182547189631
671,G7N,C,0.004269107398067206,0.31253505273067467,0.9886344673280784
672,G7N,P,0.018011418054903576,1.2199269968237672,0.044587784985357065
673,G7P,C,0.05370109655847836,1.161787073127717,0.7395525840699494
674,G7P,P,0.019885721549333886,1.2219302953397981,0.03937883865096026
675,G7S,C,0.004088273056147392,0.1450172082466583,0.9852847435952812
676,G7S,P,0.018735523676128477,1.2228586886664803,0.03512089759906455
677,G7T,C,0.09139486135690778,1.213951475206578,0.8537392662712785
678,G7T,P,0.01862440026847498,1.2109187610004588,0.04978713105675246
679,G7X,C,0.08010047072576089,0.9178939459134539,0.613447912875324
680,G7X,P,0.02375410138796001,1.2163308216615587,0.04011537232161954
681,G7Y,C,0.07271554817680395,0.5545654033558396,0.031217024241233352
682,G7Y,P,0.013177349541499845,1.229673353066863,0.024032978117105412
683,G7Z,C,0.06568793274293298,1.0352303515279204,0.9134343799305102
684,G7Z,P,0.012314077394941855,1.2028043689388737,0.02899936441730445
685,G8A,C,0.07660970935359812,0.8759032064221657,0.7039987832478585
686,G8A,P,0.017548230744606815,1.230473986928861,0.035915251417655496
687,G8B,C,0.020038809445848894,0.26376349103541785,0.9121258396731075
688,G8B,P,0.020750786170815317,1.218488739987349,0.04282297497023399
689,G8C,C,0.06288065456840139,0.7391864813388599,1.0
690,G8C,P,0.020939372494216603,1.2151222789090719,0.0521962882787676
691,G8E,C,0.009867785696926068,0.09463558084022841,1.0
692,G8E,P,0.016557839105462272,1.2269341222105317,0.047222306618806324
693,G8G,C,0.10406645877961469,0.9717380529444788,0.777144582865256
694,G8G,P,0.014415432748140628,1.2101596017263023,0.028343485426154967
695,G8H,C,0.07313347568488174,1.4826386902530582,0.2953830363326331
696,G8H,P,0.013678351450118833,1.211961471987102,0.08206483926243172
697,G8J,C,0.11571220869435346,0.9503276734036947,0.8389545848025942
698,G8J,P,0.011731558641984668,1.220827598027319,0.08376544300038374
699,G8K,C,0.08726436320103602,1.1439264356763852,0.8513979881389373
700,G8K,P,0.015501453430463788,1.2202138728098304,0.07184646406831924
701,G8L,C,0.05937059036667621,1.0078543955600203,0.5918089635200402
702,G8L,P,0.019722136129775174,1.2146515808825218,0.061598393776039435
703,G8M,C,0.22619322601678601,1.1272677066973327,0.712560372686771
704,G8M,P,0.013913623714840031,1.2166621174802426,0.06316959006018147
705,G8N,C,0.23120067900704197,1.078568659440344,0.8287486209765388
706,G8N,P,0.016441884561040763,1.2126595804134723,0.05100487257272162
707,G8P,C,0.12172179247344286,1.0802101688696157,0.44392879652961126
708,G8P,P,0.019260704789618586,1.2197676167057512,0.069412431688373
709,G8T,C,0.09255218118828126,1.1867651636048224,0.5909087675400642
710,G8T,P,0.021149806165183794,1.2283000132287445,0.04229564433429877
711,G8V,C,0.10083136736490754,1.1687060145712211,0.7131280662894143
712,G8V,P,0.018269517602715734,1.213865612286099,0.048243955199667635
713,G8W,C,0.1275438679656603,1.2013263109072243,0.7378938439202114
714,G8W,P,0.015438784550996237,1.2206790606506908,0.06554937504784877
715,G8Y,C,0.0855512406112892,1.202352904967955,0.752429661018215
716,G8Y,P,0.017403858851332863,1.2133432796966683,0.06242868663533855
717,G8Z,C,0.050465901085842826,0.7787963487848174,0.5207578009429151
718,G8Z,P,0.019261888310804057,1.1111670127561786,0.05057785517760416
719,G9A,C,0.09699751810507126,1.0297456057620347,0.6928033926936222
720,G9A,P,0.019327257507250284,1.2224781599303254,0.07335828664741291
721,G9B,C,0.09612134033776856,1.13291156928202,0.7914532286949406
722,G9B,P,0.01823993897933624,1.218538326292151,0.07897097367915928
723,G9C,C,0.05461585399685093,1.4038622922800517,0.7889526867060315
724,G9C,P,0.020227217882540748,1.2157769020079994,0.10564226806591442
725,G9H,C,0.05266576983523229,0.8083359650639326,0.898065115895928
726,G9H,P,0.016727869238872765,1.210036151483274,0.056565967859696614
727,G9N,C,0.06641206248250703,0.6717172320155198,0.8175543386208397
728,G9N,P,0.0218261708247793,1.2199713225696234,0.06288433938354561
729,G9P,C,0.09267946487940981,1.2574385067668776,0.2408379310611767
730,G9P,P,0.01703849577331298,1.215639417472267,0.07019860469660198
731,G9R,C,0.0809031730709297,0.7920400486990854,0.9847040068129654
732,G9R,P,0.016722985027746537,1.2116382430856558,0.09076721350489544
733,G9T,C,0.06957029489468468,0.6481336199380688,0.8847704936841086
734,G9T,P,0.01615330049392947,1.2204199571596908,0.07917648331170433
735,G9X,C,0.04287493117947309,0.4767366569981455,0.7712821089337528
736,G9X,P,0.015624591426076312,1.20760171561793,0.077324955125921
737,H0M,C,0.09317043920290491,0.8374645398355318,0.9775747748427601
738,H0M,P,0.05512813117053336,1.2051207349901851,0.02565287938959409
739,H1A,C,0.07081501544748255,0.9395743456893616,0.7805741878345271
740,H1A,P,0.02990747142400951,1.1995887543428714,0.04661363506693953
741,H1B,C,0.09120228969798883,0.9059160673421753,0.9077432183686113
742,H1B,P,0.031233106537967344,1.1969009796454944,0.029857693632597146
743,H1C,C,0.080679512098028,0.8315034986771701,0.5014309959490625
744,H1C,P,0.03253755959461915,1.189132791362425,0.048012136751883226
745,H1E,C,0.06206975752485048,1.0420580810031033,0.8523501749128372
746,H1E,P,0.023356274032818126,1.2085499867757221,0.04598671079294523
747,H1G,C,0.08379063468335354,1.127264961363153,0.5737634262939324
748,H1G,P,0.038998378375274596,1.225677029513881,0.034585727089174984
749,H1H,C,0.07888237554650845,1.1407677851080071,0.6618098831772856
750,H1H,P,0.033591162465745616,1.2131058229296905,0.0501092141622722
751,H1J,C,0.08979887498202214,1.2156633254559281,0.9015391314399268
752,H1J,P,0.027950096422884995,1.1415026875199108,0.057877559826420136
753,H1K,C,0.06807576183148487,0.9250067930291915,0.5671834982095031
754,H1K,P,0.03858212898078725,1.2083273316888867,0.044515639376332086
755,H1L,C,0.06183771959360932,1.0809775330362414,0.659829048155572
756,H1L,P,0.03291271315059412,1.2067102956905393,0.048634008965147815
757,H1M,C,0.0747127198054604,0.9404846132453696,0.8623977397812936
758,H1M,P,0.027217061717419604,1.1974282440435313,0.052167648800199
759,H1N,C,0.045376178495954975,0.8375441846162324,0.6209509780449426
760,H1N,P,0.03251333834347524,1.197979642775722,0.0602864297647077
761,H1P,C,0.09333085826454468,1.2049564775999817,0.8008855313896756
762,H1P,P,0.029599812336835642,1.2003478311764595,0.02895914706231142
763,H1R,C,0.08643985900538363,1.2031431873821754,0.9059192860275362
764,H1R,P,0.03705071402918819,1.2273623933553734,0.038187161131765186
765,H1S,C,0.07799334863403258,1.0908809647385131,0.9092414878641486
766,H1S,P,0.03203469991388601,1.1946727258413576,0.056134591035754564
767,H1T,C,0.04785700319716255,0.8239869673627678,0.18550656878439137
768,H1T,P,0.026890168029600866,1.1967404519302842,0.053558127216957976
769,H1V,C,0.07610130675755965,0.9062026154734474,0.7941436456354863
770,H1V,P,0.023474498419609757,1.188562519681387,0.06157256596042058
771,H1W,C,0.0758200317958254,1.0727841446830009,0.7135365722358608
772,H1W,P,0.029357868343938262,1.2273074584136479,0.0646843423331346
773,H1X,C,0.08110604032516619,1.0375944978734826,0.6738350350320729
774,H1X,P,0.026778383350301006,1.1709692073957183,0.06631500789967443
775,H1Y,C,0.07537157806701872,1.0928974174220378,0.781124964838859
776,H1Y,P,0.020850319150463325,1.1801616535673223,0.07322645672110616
777,H1Z,C,0.06143177881218062,1.1027742435992143,0.8159359553345956
778,H1Z,P,0.02424241415274737,0.9635785770300177,0.04962204490850374
779,H2A,C,0.08028613653861781,1.020246345643991,0.6241880180038342
780,H2A,P,0.04153518226868466,1.2002342026346682,0.048298030695769927
781,H2B,C,0.08313958955559393,1.0115819807465531,0.36377482702033526
782,H2B,P,0.035297149547100386,1.2156119747434815,0.04035329435228359
783,H2C,C,0.027680816060357032,0.8129387252191181,1.0
784,H2C,P,0.03698665355616157,1.20148185008235,0.060611257136199366
785,H2E,C,0.07526099836305156,1.1291447735747866,0.26866799906067984
786,H2E,P,0.035465602237654874,1.251930999493089,0.04096395984259022
787,H2G,C,0.09243338544613733,1.226048258740049,0.6968776121265509
788,H2G,P,0.025697181774392744,1.2069832057486767,0.05594896978357094
789,H2H,C,0.08396441822562455,1.125889693632956,0.6038838984031599
790,H2H,P,0.027796560313469283,1.218640610115394,0.06513700717081333
791,H2J,C,0.08052547991018785,1.111863400380005,0.6497094755510859
792,H2J,P,0.027068886449738854,1.1692876930597935,0.09665565499713724
793,H2K,C,0.07720674892009902,1.103568924516388,0.7524252304501401
794,H2K,P,0.03169820530584665,1.1806446223085754,0.08296786645786901
795,H2L,C,0.056997046853592144,0.7900475667140016,0.5151277433460851
796,H2L,P,0.025220437306330307,1.0975359611909725,0.13438767253168654
797,H2M,C,0.06320688806246691,0.7651727810703287,0.6737193674748283
798,H2M,P,0.020440850767784707,1.2046929852070984,0.05377194662544494
799,H2N,C,0.07540299113959661,1.057870195050453,0.9127132791799631
800,H2N,P,0.03523831935088191,1.2180944808874659,0.04677337396112452
801,H2P,C,0.07177732787424751,1.0680318547310432,0.8417871193385712
802,H2P,P,0.0302532359291549,1.2169073026945383,0.050139370381940336
803,H2R,C,0.08609832540429464,1.0960937749776114,0.802444911908388
804,H2R,P,0.02658251585999401,1.1869963857208368,0.07917100512202918
805,H2S,C,0.09357800271153621,1.0284784772736217,0.7204982132750493
806,H2S,P,0.03051687030420337,1.1571990666844694,0.06948016815745746
807,H2T,C,0.07151916250419756,0.913549210106377,0.7201635067647051
808,H2T,P,0.0183242213204585,1.0648125649393172,0.10046506337457377
809,H2V,C,0.061067602095148325,0.8369671710700474,0.8131956007599602
810,H2V,P,0.020405729344461183,1.1672772967853144,0.13297109200828036
811,H2W,C,0.0622849248926259,0.8190692895658613,0.5478433395273926
812,H2W,P,0.028854529621837644,1.157357256749313,0.09057326336672418
813,H2X,C,0.05116753797733296,0.7590159959656899,0.7227865325734639
814,H2X,P,0.02742737825566512,0.9746676689511755,0.19104068670139998
815,H2Y,C,0.05917484019088064,0.7793203075687675,0.9857989515031287
816,H2Y,P,0.015004967782698407,1.0754951923514968,0.19112422517342606
817,H2Z,C,0.038217775271026974,0.7261555554725994,0.9621063796529172
818,H2Z,P,0.02388741622184554,0.914254054239947,0.2891762012078952
819,H3A,C,0.04557916471337267,0.5831262175733999,0.7689462467486815
820,H3A,P,0.025931582411349213,0.7532357431341427,0.27473621013278415
821,H3B,C,0.04356113669101275,0.7171558158495646,0.9628843296030294
822,H3B,P,0.04209012378557155,1.134891971367973,0.18762351512298228
823,H3C,C,0.046339764799058866,0.6642136698448713,0.9420759763920767
824,H3C,P,0.023520424472671317,0.9731166387218392,0.23120934372022833
825,H3E,C,0.057003860254194974,0.7281248725040689,0.9414068202495206
826,H3E,P,0.014144846480720065,1.0720086500620187,0.15776477633780628
827,H3G,C,0.055627725772385964,0.7157238388011795,0.6399439345883721
828,H3G,P,0.024663915974745043,0.9987609961850082,0.1818217272323599
829,H3H,C,0.06056702304524261,0.7384084999521895,0.9773773653982091
830,H3H,P,0.027321480345096,1.0928374128561682,0.16454319659408817
831,H3J,C,0.08852259801684181,0.9828077125222041,0.762027075082182
832,H3J,P,0.023278796355384587,1.1168188037985018,0.11686208486555724
833,H3K,C,0.06909060516058083,0.9902287892806716,0.87046953033846
834,H3K,P,0.02247470487448139,1.15659122856261,0.08734703321476353
835,H3L,C,0.06968918971121818,1.0256854430906273,0.740160641858128
836,H3L,P,0.02376875989540858,1.2150910417532668,0.06022509441977593
837,H3M,C,0.10264131088886604,1.2698507521620257,0.618766002751309
838,H3M,P,0.023114860929291065,1.203555688836858,0.0377412657852818
839,H3N,C,0.0873814363600417,1.0796288563668266,0.7641713998441347
840,H3N,P,0.04568016569948774,1.212406504966424,0.04927101561119067
841,H3P,C,0.08589114892487588,1.0293778588516762,0.8198043828675159
842,H3P,P,0.02606355359542135,1.1702603409444894,0.13056001113101165
843,H3R,C,0.09379749307639768,1.1320736244817642,0.9030055110032422
844,H3R,P,0.02758809566410924,1.2086952181072192,0.13942397698919404
845,H3S,C,0.07672239570164129,1.0208020965434121,0.6237382144862545
846,H3S,P,0.015498991147552642,1.0736390217382885,0.11663580420405521
847,H3T,C,0.030702752278418066,0.4453525061742144,0.410114369043957
848,H3T,P,0.020401147615858123,1.099055376560122,0.1290890858255598
849,H3V,C,0.06398599548243902,0.9911936557520095,0.9764087289847997
850,H3V,P,0.04458449720072165,1.2925763202886904,0.15048370320368445
851,H3W,C,0.07719302821241823,1.0539766770737236,0.6985698463140999
852,H3W,P,0.030005334686857975,1.2040167073732262,0.10442106543496611
853,H3X,C,0.07642833239199313,0.9026900294765751,0.8821016831240883
854,H3X,P,0.03808168918827065,1.1929835413998684,0.11045331046833119
855,H3Y,C,0.07360917410326277,1.2916617772377574,0.9223667996506835
856,H3Y,P,0.012620943780681196,1.2297072366645143,0.12588361929635083
857,H3Z,C,0.08557638478094118,0.8735265293078988,0.700780195914716
858,H3Z,P,0.01806787060298729,1.1310609118373975,0.13981492887244693
859,H4A,C,0.09152440333959323,1.089649928588886,0.5601488802392653
860,H4A,P,0.03345296622155073,1.1815906757047472,0.0857545414107799
861,H4B,C,0.04263679325916687,0.7063545134107946,0.8069409416066728
862,H4B,P,0.043860379557110266,1.1610325826046497,0.08041516353134284
863,H4C,C,0.08142665824642858,1.0545716323762002,0.7633143530690598
864,H4C,P,0.02770917009791791,1.1395436769388467,0.08637719433303444
865,H4E,C,0.06824825692572535,0.9623480041731233,0.703618111464041
866,H4E,P,0.030177274561924695,1.2108622551009405,0.04632435609244214
867,H4G,C,0.07920917466855482,1.0384615499868777,0.5471712687601603
868,H4G,P,0.031005752875861884,1.1754394439273899,0.08837840685285227
869,H4H,C,0.08544704081592172,1.2548850307405115,0.12236996227182777
870,H4H,P,0.038051913520828255,1.2209781059934044,0.05072035613543375
871,H4J,C,0.07154092003849706,1.0890094602664933,0.2776430453135012
872,H4J,P,0.021001939475828398,1.2261717270404113,0.04532607904896855
873,H4K,C,0.08336019309491065,0.9844116252009294,0.6093547873135586
874,H4K,P,0.021354160031723912,1.21066091297411,0.056363845953542956
875,H4L,C,0.06682663826761434,0.9354886106341427,0.8768904692650642
876,H4L,P,0.023658105937811518,1.0320838838614703,0.07308726977494218
877,H4M,C,0.07548324814555492,1.2207934641174434,0.9165439923203957
878,H4M,P,0.02767267953529904,1.1842190404818245,0.059393990216494864
879,H4N,C,0.078590860046313,1.0471631138226964,0.9361046634352609
880,H4N,P,0.02545712630439426,1.0348851362537959,0.09146526286732116
881,H4P,C,0.06241133963185942,1.2134228377202758,0.9260628837800816
882,H4P,P,0.030508758613293843,1.1117946033613058,0.1338773522417486
883,H4R,C,0.06314538847787375,1.1734022504522523,0.942787728944465
884,H4R,P,0.022279688814225644,1.1355873911517673,0.08724471728564845
885,H4S,C,0.07711245300856613,1.031356113740202,0.8524737130966739
886,H4S,P,0.005873945835229881,1.2299902374508502,0.19595096806564086
887,H4T,C,0.08910188008927382,1.2208283606507764,0.6668978146633336
888,H4T,P,0.028135500448525946,1.2887214729896155,0.005030399726372443
889,H4V,C,0.07573732982133659,0.9891562197421134,0.7748100808555896
890,H4V,P,0.04786160041687378,1.1868276906546475,0.06713346225570051
891,H4W,C,0.08084177275364263,0.8956766909852871,0.745936899719575
892,H4W,P,0.02151879308066985,1.0632839140026145,0.1114725129131297
893,H4X,C,0.09441511544145931,1.1505018699251988,0.8453170540601685
894,H4X,P,0.030980157520059382,0.916043910500475,0.09748456392035731
895,H4Y,C,0.023228227427611724,0.6726643860415283,0.8785774090712407
896,H4Y,P,,,
897,H4Z,C,0.020983513332577183,0.9606880325846631,0.944563001432992
898,H4Z,P,,,
899,H5A,C,0.060634544371294015,2.62105445284776,0.9898422399797241
900,H5B,C,0.13472354805634484,0.9609003136880054,0.9927764836421347
901,H5B,P,0.16665723981900452,1.666685520361991,0.08992810329524444
902,H7A,C,0.07552334408892798,1.080729984702015,0.771817212865576
903,H7A,P,0.024294916359651256,1.1988951755659571,0.04805590550988547
904,H7B,C,0.09468070650904312,1.353482423260074,0.6325173186120144
905,H7B,P,0.022389656786422678,1.1785722198860125,0.03927147161677969
906,H7C,C,0.08064504812245477,1.1671311363995513,0.8630723553191137
907,H7C,P,0.01720682937356985,1.2143008746129087,0.04187632624732215
908,H7E,C,0.06605850736434613,0.8845505123985068,0.9262419322078423
909,H7E,P,0.01864865187493011,1.1942117903155467,0.054598753030946724
910,H7G,C,0.060257397686812396,1.1097568566997773,0.8362136913911483
911,H7G,P,0.023030916556764286,1.192951922763363,0.03992449650343008
912,H7H,C,0.09113128211033591,1.0765233365719584,0.5902672319799156
913,H7H,P,0.02559091745136732,1.1790739613607577,0.04373803228213904
914,H7J,C,0.1033750857845607,0.7945849549331656,0.903747230761401
915,H7J,P,0.02226926390377311,1.2051080224406214,0.05763323101032468
916,H7K,C,0.0781876523743789,1.1700906175806034,0.7946633556652027
917,H7K,P,0.02341605934251517,1.200106675889431,0.04682862096651701
918,H7L,C,0.09032251610102164,1.1848648620266795,0.8965575541488873
919,H7L,P,0.026032108278339582,1.2040425061885065,0.046051922696040144
920,H7M,C,0.0856359548911392,1.2519292424711814,0.3542859973499702
921,H7M,P,0.02684844963395115,1.203184897626974,0.04427357270886018
922,H7N,C,0.0712019731790364,1.0039533807585093,0.693219658117074
923,H7N,P,0.034495899559026155,1.186062811106734,0.0544212969032435
924,H7P,C,0.07491863438763924,1.0644316335875548,0.9514579117477872
925,H7P,P,0.023546093197601658,1.179071034453206,0.05659287573636288
926,H7R,C,0.09239495940436626,1.2501000885006663,0.8836729482047041
927,H7R,P,0.01846632452103378,1.1976577995861732,0.053597482643723125
928,H7S,C,0.08249185207688643,1.117800110465518,0.8376393547837495
929,H7S,P,0.027576354387186464,1.1990043995139041,0.04525077152011091
930,H7T,C,0.0793819667584574,1.1096270139186457,0.9527153273663167
931,H7T,P,0.02519290949243697,1.178645706781313,0.07338504771875709
932,H7V,C,0.0536273604512641,1.0195563936393142,0.7484707041528487
933,H7V,P,0.02524847058129971,1.2020893400813046,0.05430065022533416
934,H7W,C,0.07510800525444307,1.0067221529453059,0.8484593590023604
935,H7W,P,0.02640184694545816,1.1530939078723665,0.060343190830635905
936,H7X,C,0.10470383012448325,1.3323524443695247,0.7908819897125613
937,H7X,P,0.022723819192756747,1.191503491993422,0.06784742700469215
938,H7Y,C,0.018648180881820336,0.28492175733892744,0.9528010639669713
939,H7Y,P,0.027437242110684792,1.189927577591046,0.0646803728710528
940,H8N,C,0.07903508044466476,0.9812752189158114,0.918469726023199
941,H8N,P,0.031231648937838863,1.1646817305195651,0.05620017235400754
942,H8P,C,0.07291971571347074,1.2083328029907725,0.36947324057762093
943,H8P,P,0.03295833732606358,1.2220673523163659,0.033283225964033415
944,H8R,C,0.06098325983304115,0.9124626406598619,0.8835450743088233
945,H8R,P,0.030023081884166226,1.1525229645257284,0.02875451424717316
946,H8S,C,0.06646292499080662,0.9493977139990111,0.7830669134063848
947,H8S,P,0.02642679406302146,1.187619375659997,0.054782002254740156
948,H8T,C,0.04544120496435369,0.6888731816757768,0.9471146087084947
949,H8T,P,0.02225130262752107,1.1798825493613523,0.053091696948752286
950,H8Y,C,0.056890973015229974,0.9209490923156544,0.7108696417138265
951,H8Y,P,0.032767721783639236,1.268159276209017,0.05002306087255057
952,H8Z,C,0.08534384007810832,1.0881074248461755,0.7112087045591978
953,H8Z,P,0.028713474361568275,1.1892244902706604,0.04524587710880433
954,H9A,C,0.06121158320076937,1.041836257790093,0.721866941399429
955,H9A,P,0.03032690266741106,1.2008114853361795,0.04941938477359213
956,H9B,C,0.07438400224329392,1.051660883787967,0.9513404379032094
957,H9B,P,0.030391336950126087,1.1636928747168622,0.05612823640549043
958,H9C,C,0.04993733804189999,0.5873489139413968,1.0
959,H9C,P,0.02784032904128436,1.2060364574150833,0.0517498915356768
960,H9E,C,0.06266329016510208,0.9990412139475932,0.8197059212834384
961,H9E,P,0.02531609748729352,1.2277572594041195,0.05928332098765793
962,H9G,C,0.09884442666198404,1.0456971007041935,0.9234358804123199
963,H9G,P,0.03417922050189494,1.2090759076196582,0.04194988212173458
964,H9H,C,0.08213471288170664,1.1154277169945501,0.7107040940832947
965,H9H,P,0.030661826192164104,1.2011920632028084,0.04300412396665783
966,H9J,C,0.07781016333924212,1.1194912638137628,0.8551930243985509
967,H9J,P,0.03403309255629106,1.1862344405781657,0.043200744212382576
968,H9K,C,0.05458134031031343,0.7735042760587312,0.6802964955858952
969,H9K,P,0.02559229321295394,1.2025422984340406,0.0548738249327926
970,H9P,C,0.07625006872598224,0.9709474722308912,0.926545877871068
971,H9P,P,0.03199318268253484,1.2111613207852288,0.035598839554662
972,H9R,C,0.16708008891652165,1.0464902821359714,0.8677992669334715
973,H9R,P,0.03167253845305119,1.1444303094092212,0.04527489147763329
974,H9S,C,0.05684996122784069,0.8297890429409378,0.8175612424151346
975,H9S,P,0.024564660749539863,1.166046494193576,0.059101909717209314
976,H9W,C,0.048164979132084444,0.6907236978569398,0.7474913927307052
977,H9W,P,0.026278468269387185,1.210022125146058,0.05796817638171498
978,H9X,C,0.05337257221556998,0.923916673740109,0.8112821729635054
979,H9X,P,0.01990252175278784,1.2030402664371733,0.08058770106562257
980,J0A,C,0.14483640143680232,1.0162265463740465,0.612603336907235
981,J0A,P,0.014728439170897334,1.2139154159593388,0.0838141342190953
982,J0B,C,0.10696847989010645,1.0871618341246942,0.754960831031451
983,J0B,P,0.01394592521647715,1.2125111364936687,0.1003806392265546
984,J0C,C,0.11027240659190901,1.0617170162028813,0.7677509828120521
985,J0C,P,0.02147115782996422,1.209832654917953,0.03844471845536306
986,J0E,C,0.12304207070443245,0.9550224045438174,0.8666097951934698
987,J0E,P,0.014853137234232323,1.2085192286334991,0.1092017655701018
988,J0G,C,0.17005103491541132,1.1066667147623859,0.5331557822309709
989,J0G,P,0.024504596231992748,1.1993892092513934,0.04913166693380679
990,J0H,C,0.13553946720442225,1.011420910299723,0.8584946671521627
991,J0H,P,0.01962902150537567,1.2089246410888805,0.0561635189751039
992,J0J,C,0.12944566089301385,1.0171914769652044,0.6994022376458274
993,J0J,P,0.018859988402337206,1.2140657895710767,0.045472229871747
994,J0K,C,0.10337378620214241,1.225504584270045,0.7261461780732725
995,J0K,P,0.02182768441232082,1.2078124002818793,0.041052141377068696
996,J0L,C,0.058066672796565404,0.8989920512916729,0.793017157386735
997,J0L,P,0.022968652250246708,1.2158809799841097,0.04253629767995447
998,J0M,C,0.020498083993733235,0.12691401496535967,1.0
999,J0M,P,0.015537927646463211,0.6669633788981417,0.05234756428937175
1000,J0N,C,0.08278058075949642,1.1520175892127265,0.7329961115233693
1001,J0N,P,0.021773020636026468,1.2158724589364636,0.040666577976850235
1002,J0P,C,0.05390477171190812,0.4979592638515956,0.831244187363019
1003,J0P,P,0.023754168538808525,1.2036251848873196,0.048725621405734505
1004,J0R,C,0.09601624254408785,1.2864716549524398,0.6621096499499738
1005,J0R,P,0.02353896182525086,1.1972558733750616,0.0671596405340301
1006,J0S,C,0.08662477107142914,0.9559590073498812,0.7409340556294478
1007,J0S,P,0.023113169237162647,1.2119338045617196,0.030152513220226548
1008,J0T,C,0.037338225814402506,0.44188493548863733,0.6749126823047478
1009,J0T,P,0.025781634269901963,1.2091080650706607,0.07345433127152817
1010,J0V,C,0.07115916649532697,0.9903031041591254,0.6766850413186034
1011,J0V,P,0.025969844767789636,1.209429853599605,0.0663025392852076
1012,J0W,C,0.12890613415574362,0.6932542265731262,0.7297777604793919
1013,J0W,P,0.025742928681968213,1.2009495338367353,0.060635164450529314
1014,J0X,C,0.05288130573574565,0.44794770936235895,0.8522419879601583
1015,J0X,P,0.02994724385265808,1.2003851174481552,0.07981396709807567
1016,J0Y,C,0.01632331148187851,0.1352337572398553,0.9701867404656863
1017,J0Y,P,0.013980738204769704,1.2104726527482494,0.05068983892256999
1018,J0Z,C,0.053906290255326825,0.5065251504993451,0.8830407238170599
1019,J0Z,P,0.021119603065901205,1.2021399857919566,0.04899212022884073
1020,J1A,C,0.10676817130422472,1.225941458694766,0.6550622283134994
1021,J1A,P,0.0162689645423074,1.2080576527503495,0.06408449502498231
1022,J1C,C,0.07761042103062629,1.2796421792483614,0.5204614773615396
1023,J1C,P,0.012423307260214917,1.2264780682369008,0.06873352574596399
1024,J1E,C,0.04254273635046137,0.8600392860371406,0.450647706948923
1025,J1E,P,0.018282835049006175,1.2297864859174577,0.07320141395960063
1026,J1G,C,0.07530391996451025,1.2285939327852724,0.38779628868483945
1027,J1G,P,0.01786853953706014,1.2149650944808572,0.06870779094583299
1028,J1H,C,0.07459899023656476,1.0827393217512897,0.5893351609026877
1029,J1H,P,0.018118550480590984,1.2399322289696482,0.09554328905762574
1030,J1J,C,0.0821109843991329,1.3723564424059793,0.5125348728715989
1031,J1J,P,0.01429229929570754,1.2286963811524099,0.08003369948102843
1032,J1K,C,0.03807710197266914,0.6243255041031629,0.9463920664211322
1033,J1K,P,0.013222499090089539,1.0603767317496593,0.09057535246758446
1034,J1L,C,0.08587694156054666,1.2304598724449778,0.8736393700831432
1035,J1L,P,0.015102787193643653,1.229074505322949,0.11697883497878203
1036,J1M,C,0.04547310865773835,0.6903826312582951,0.94307943103648
1037,J1M,P,0.019451219158350408,0.9570066409150715,0.08501500056628508
1038,J1N,C,0.09097221219225073,1.2664460240168043,0.7960691491628521
1039,J1N,P,0.015785693674711034,1.2126764916147128,0.08202327514243497
1040,J1R,C,0.10611630668552119,1.3141317488559507,0.8372285061096875
1041,J1R,P,0.01395701233630963,1.2161737180783485,0.07093025335483691
1042,J1S,C,0.08835126232774042,1.036296534931649,0.6394858309174589
1043,J1S,P,0.011245009551268326,1.2244248028236855,0.06857393008782087
1044,J1T,C,0.13848896713982087,1.0685078260219554,0.371639060539814
1045,J1T,P,0.013652443794908037,1.2113009555530343,0.07856333002230995
1046,J1X,C,0.08333867919781311,1.119650574829733,0.7078167555792435
1047,J1X,P,0.015394976097724737,1.2090360655899328,0.10729526694936665
1048,J1Z,C,0.05644899744619496,1.022853965937477,0.7619845877073276
1049,J1Z,P,0.015966989539470663,1.2111036821536798,0.07337197986087624
1050,J2A,C,0.060082725851668316,1.0130767550354705,0.7643128967434863
1051,J2A,P,0.015462494572595594,1.2128152069835272,0.07036634471109345
1052,J2B,C,0.109797878793939,1.0331594218543916,0.4521316749155494
1053,J2B,P,0.018210689413238498,1.2117979808043677,0.0547595721011572
1054,J2C,C,0.0805506387636815,1.2208325080442015,0.8247327148559953
1055,J2C,P,0.022019321375645252,1.222606853914523,0.04195470090876782
1056,J2E,C,0.06097549360535752,1.1032630112245305,0.7811633283166936
1057,J2E,P,0.02150595653249668,1.1971000212301133,0.048328303204004455
1058,J2G,C,0.08483188032946086,1.2003587704405247,0.5643825310105549
1059,J2G,P,0.017851820040631138,1.2173034221415282,0.06345307194400376
1060,J2H,C,0.06631873827893929,1.1426217594806216,0.7116198659182704
1061,J2H,P,0.015457999173847046,1.216845522034707,0.08517265626841629
1062,J2J,C,0.07427629017872857,1.167480315064161,0.7079104636705522
1063,J2J,P,0.017934789647958572,1.2153347903055218,0.06301260368793397
1064,J2K,C,0.08674143122778899,1.2454166284953858,0.4998413111929939
1065,J2K,P,0.020265875995656147,1.2114841070624671,0.08692476257522205
1066,J2L,C,0.06164351164413336,1.0443327918036835,0.5346414631844361
1067,J2L,P,0.016795487534517713,1.2096802398182216,0.15441484103029116
1068,J2M,C,0.06453322439796082,1.1098112786231906,0.3371771538422569
1069,J2M,P,0.014883114995758617,1.2140877868397888,0.10736623789850555
1070,J2N,C,0.0780111476804225,1.161634356632231,0.6673957210267846
1071,J2N,P,0.01442265269696044,1.2217673395318411,0.05766645956622995
1072,J2R,C,0.17761495146035913,1.0162860313902313,0.9268968820244007
1073,J2R,P,0.021390208282180318,1.2072152481203926,0.026656730792757547
1074,J2S,C,0.07495535620502057,0.9834414705739644,0.721512986357316
1075,J2S,P,0.026690761795016203,1.2154608157446025,0.050584003367083755
1076,J2T,C,0.18700422404323327,1.0858109599839711,0.8209759547442921
1077,J2T,P,0.018400436999298136,1.192235050810591,0.03882043428291626
1078,J2W,C,0.07279242238302791,0.7270025712471306,0.9023743152376034
1079,J2W,P,0.023023848858720518,1.2186283650981662,0.029993443686140417
1080,J2X,C,0.0999841164294211,1.2710982469531993,0.7508505565100816
1081,J2X,P,0.025587804802853407,1.2213607490739171,0.03296217735876064
1082,J2Y,C,0.10549860444407548,1.052318634466023,0.6915195221433424
1083,J2Y,P,0.027632761327167642,1.2160204498042242,0.042052829385129636
1084,J3A,C,0.08613964913758489,1.261024121726298,0.3480421267331028
1085,J3A,P,0.017181986825206913,1.2347211611231301,0.06461169062214048
1086,J3B,C,0.06863371101123752,0.8992376223137897,0.8541707273705811
1087,J3B,P,0.023597296667083323,1.222948190289866,0.03303041451414676
1088,J3E,C,0.08057778412523016,1.2393872460045858,0.8683079350419822
1089,J3E,P,0.02162553412710754,1.2022523375777883,0.04048995169634611
1090,J3G,C,0.09467007052131986,1.2066911611369284,0.7543067604302099
1091,J3G,P,0.02404124395003996,1.1940146623890218,0.03133494648196878
1092,J3H,C,0.07570746399747655,1.0490854471793445,0.8096823159136496
1093,J3H,P,0.018433961647243757,1.2109697410445055,0.0606601602783112
1094,J3L,C,0.10067518302355534,1.2113901942076037,0.6802107886207719
1095,J3L,P,0.02100558147427638,1.2132412664010814,0.04219877574530064
1096,J3M,C,0.09150510918946314,1.4073291400470396,0.5425350211891335
1097,J3M,P,0.01936495672567114,1.2149011820832791,0.0386124267468419
1098,J3N,C,0.0818309547436909,1.2184637281419857,0.8543308455056879
1099,J3N,P,0.017827370480710553,1.2091483119644573,0.040089304516868055
1100,J3P,C,0.02607917720405192,0.6060659496866959,0.7972007261097913
1101,J3P,P,0.02357494047691853,1.2125542586264262,0.03992393655146477
1102,J3R,C,0.017658998915481155,0.45407253596830016,0.9726111961963723
1103,J3R,P,0.021689828587920703,1.198743786527855,0.031424252111030414
1104,J3T,C,0.18544650651851038,1.171058738890283,0.506602412217142
1105,J3T,P,0.01708112727191836,1.2167896480540747,0.04811175802309825
1106,J3V,C,0.0792942722775996,1.1775164727930427,0.8643366738173937
1107,J3V,P,0.02212857222178427,1.186468660940415,0.04898069558209236
1108,J3X,C,0.07604353784833821,0.9985385112802235,0.8599516135232335
1109,J3X,P,0.02147629442493856,1.2002611450089373,0.03399217451625767
1110,J3Y,C,0.08155508678435291,1.1612620235659783,0.7820564943749491
1111,J3Y,P,0.028630699095755562,1.1985103079439654,0.03921519121814485
1112,J3Z,C,0.04437038786947511,0.9111651937157698,0.9170815355275531
1113,J3Z,P,0.02966564307098484,1.2022818860533382,0.03531678118937409
1114,J4B,C,0.06796507948751869,0.9606026535330945,0.8987031900549997
1115,J4B,P,0.029333320468525728,1.184284137492327,0.060597645684072075
1116,J4G,C,0.1119965724138164,1.0247721803679957,0.8009172616720771
1117,J4G,P,0.029404711090692485,1.2054705393889869,0.04415918475777061
1118,J4H,C,0.06148356701278312,0.882813947653177,0.8555632550405814
1119,J4H,P,0.026374451951137114,1.2101283146357016,0.049932230218527676
1120,J4J,C,0.07529902635538502,1.1086502358298695,0.6696582275277453
1121,J4J,P,0.03706418696849733,1.2204693049610873,0.04766661441231084
1122,J4K,C,0.05680140500314452,0.6585086287614482,0.716449445332523
1123,J4K,P,0.03887523110811635,1.1801961944372659,0.06332289536430692
1124,J4L,C,0.06015775864709705,0.9393192843281692,0.8310866051250169
1125,J4L,P,0.04261981026724014,1.231326045133399,0.03302499237711768
1126,J4M,C,0.04192957692906566,0.7927692947384357,0.09238342840670392
1127,J4M,P,0.03764950465652843,1.182280726997489,0.04088361871826141
1128,J4N,C,0.07200929901849588,1.130516614787102,0.8577606175416873
1129,J4N,P,0.016151428967306453,1.1242503179977816,0.07972693843499441
1130,J4P,C,0.15988297109227712,1.020402545328643,0.8896254785512466
1131,J4P,P,0.026652176924642494,1.1244432710281345,0.08357441308894381
1132,J4R,C,0.044754077372845744,0.5837948838801551,0.9042678120886849
1133,J4R,P,0.035551531372194675,1.1916491653949686,0.09937898616922289
1134,J4S,C,0.06409957921828154,0.9714891452209806,0.9990456365186908
1135,J4S,P,0.01983678100142242,1.140895526399102,0.09322845613841543
1136,J4T,C,0.09980453216625224,1.3910110303950782,0.6553529520931299
1137,J4T,P,0.044604752652018756,1.1781359459003353,0.04444217508024462
1138,J4V,C,0.07453171100748614,1.234339034531979,0.37791549112648004
1139,J4V,P,0.039339096363394645,1.1695144459633984,0.05553536365015393
1140,J4W,C,0.07132535556624181,1.0122532671467253,0.9378581498577341
1141,J4W,P,0.030561388663961873,1.1884028733174146,0.042297434709723726
1142,J4X,C,0.06924990590614907,1.129943187589617,0.9397370105192826
1143,J4X,P,0.022967192766863397,1.183599776153334,0.06100935358679654
1144,J4Y,C,0.06254009615727277,1.1731008079606071,0.9147779233489676
1145,J4Y,P,0.02591527129430702,1.1898044098215037,0.05992546582436354
1146,J4Z,C,0.07452634100777304,0.9672865541035075,0.8736736394640523
1147,J4Z,P,0.0258228848385632,1.1614064035942437,0.060533690259033796
1148,J5A,C,0.05147334647028873,0.6489403480541099,0.8484178802155309
1149,J5A,P,0.02281856248826088,1.2113653090472767,0.045123303341091235
1150,J5B,C,0.08117417814697997,1.1929466441469259,0.7984872797528844
1151,J5B,P,0.02171890897964101,1.180536565117528,0.024719549974792997
1152,J5C,C,0.10113000867126729,0.8736191453378315,0.9059971060664856
1153,J5C,P,0.025529373671428785,1.1964655836049451,0.04081395982896775
1154,J5J,C,0.11112338568149013,0.7638671502283638,0.8458067863156484
1155,J5J,P,0.023780588017515834,1.206849251974438,0.044126304799308735
1156,J5K,C,0.05271367118315703,0.8296459854249506,0.6605564013157447
1157,J5K,P,0.025338516911929686,1.2056607657774383,0.04076761621558901
1158,J5L,C,0.09578123798959792,1.299481938670232,0.7803061547114788
1159,J5L,P,0.027331208804496385,1.2147523012555066,0.04481497485878638
1160,J5M,C,0.14328144746593882,1.1096432898112107,0.7079882890703797
1161,J5M,P,0.02296378091717161,1.2207300432685524,0.04395936236407716
1162,J5R,C,0.07415792144636195,0.8831394948046204,0.9304732341285239
1163,J5R,P,0.02198385195909266,1.1990275556462546,0.04720181692010062
1164,J5T,C,0.10022473888908809,1.2603778045764993,0.8022843948221344
1165,J5T,P,0.01935657580281441,1.2199540469150776,0.04323206613746611
1166,J5V,C,0.14542592594715711,1.164977727966843,0.5476856776961689
1167,J5V,P,0.01942644286341652,1.2060780414188543,0.053577943278623995
1168,J5W,C,0.10676012791137128,1.1476357391485037,0.6798231492158534
1169,J5W,P,0.02189998591012482,1.2168828477708464,0.05242564780854221
1170,J5X,C,0.07619944744493405,1.1587617722646222,0.7491584549964901
1171,J5X,P,0.024474882161985515,1.220607593962095,0.04921781507974214
1172,J5Y,C,0.08042020326005629,1.1111872675545418,0.6501004240809208
1173,J5Y,P,0.022294547323482024,1.1900547826405505,0.04582431868987741
1174,J5Z,C,0.13236314343458244,1.1350597185742317,0.8217903479820925
1175,J5Z,P,0.023402924714229254,1.2104157598876337,0.05182278740042666
1176,J6A,C,0.09664190182069987,1.2407733753137824,0.6834166765111448
1177,J6A,P,0.018912902911433892,1.2060046909920235,0.04145527441707899
1178,J6E,C,0.09117109387600546,1.1019532544492754,0.5172856801410688
1179,J6E,P,0.021580202660760533,1.2268968744219946,0.041341854141956756
1180,J6J,C,0.08064516420828292,1.1706095679214779,0.7168112298464704
1181,J6J,P,0.026232286148125006,1.2134679178548686,0.03220433824734083
1182,J6K,C,0.06719812393496892,1.1557752391570675,0.4355935239618085
1183,J6K,P,0.026325650005400433,1.1897356371531667,0.04043374254189069
1184,J6N,C,0.016088941910268755,0.24157728355800634,0.9542002547999734
1185,J6N,P,0.020726510167190473,1.2266366807158837,0.03551030709352526
1186,J6R,C,0.08883819414170359,1.2866199196824966,0.8396181634228811
1187,J6R,P,0.026165693942243155,1.2108759264213547,0.027391576627235504
1188,J6S,C,0.060207885102244375,0.8365040613755208,0.8457334219719465
1189,J6S,P,0.023152897582445642,1.2189393736966618,0.0397769655682096
1190,J6T,C,0.06584625605645124,1.247665011186945,0.6794318421870075
1191,J6T,P,0.02322120614494963,1.2064216529938097,0.03517142963785092
1192,J6V,C,0.08222186923749515,1.1470803174131037,0.4318980254263762
1193,J6V,P,0.02471555439670261,1.2053402217848037,0.054130793323034374
1194,J6W,C,0.08540074764589466,1.3112255519941935,0.8347182125242892
1195,J6W,P,0.026160712912876426,1.210027495402057,0.04534913905151979
1196,J6X,C,0.09039213602401402,1.311356569620081,0.7757292759419135
1197,J6X,P,0.02725996193273535,1.1885666410581777,0.050166780396175004
1198,J6Y,C,0.08539529516858071,1.2423057634827999,0.8779330423162616
1199,J6Y,P,0.02821057710973077,1.2021797786522515,0.0501988215616098
1200,J6Z,C,0.09560741967744428,1.298857444971284,0.8460432117431247
1201,J6Z,P,0.023929924783445262,1.2201018665238965,0.04196300242234299
1202,J7A,C,0.08272674820858532,1.0715094222502504,0.8542305008058761
1203,J7A,P,0.024330152363172944,1.1995918946787325,0.05047238577027565
1204,J7B,C,0.07183040181224884,1.472600754621283,0.5489635202438071
1205,J7B,P,0.02228169776290364,1.2074294608469576,0.05893760504057129
1206,J7C,C,0.08930937984242891,1.2843214991060998,0.8620625182688846
1207,J7C,P,0.02392672581524256,1.2072878385341281,0.044240605680663105
1208,J7E,C,0.09213441257948582,1.1094694220850254,0.6018557652919548
1209,J7E,P,0.023927978199975827,1.217887268697839,0.0459020709447502
1210,J7G,C,0.0724905627999371,1.1476908932364351,0.7539926744845249
1211,J7G,P,0.024387527396903187,1.209546701004795,0.041891497495060354
1212,J7H,C,0.08864290139121975,1.261977452238968,0.9027050086077809
1213,J7H,P,0.021697749273341546,1.1922517374536508,0.055567268998717806
1214,J7J,C,0.07473098805726248,1.0423728741388747,0.8656824704475705
1215,J7J,P,0.021076566939163793,1.2161099364305463,0.053991305424573
1216,J7K,C,0.0955002181641289,1.320058642757804,0.8220283741987418
1217,J7K,P,0.024514815156876844,1.2152321467107519,0.04906975660002558
1218,J7L,C,0.1052297303234095,1.2544889698838826,0.5054035383031621
1219,J7L,P,0.023929025747539932,1.2163841080278093,0.04878341574188164
1220,J7M,C,0.09079583597989585,1.262724552587321,0.813306003311249
1221,J7M,P,0.02636927598353695,1.2116998051492789,0.041506491113427704
1222,J7N,C,0.034190638588637905,0.6772433337185547,0.9277950118236432
1223,J7N,P,0.026093957982531495,1.2123341489126322,0.045397078174711614
1224,J7P,C,0.07401763195749991,1.1282729605733144,0.852597776033746
1225,J7P,P,0.021852596243961055,1.1961940359174874,0.04163800706422907
1226,J7R,C,0.07887529950951437,1.1961176636880932,0.716014548812177
1227,J7R,P,0.025471912247850437,1.2147681803487744,0.03391311100604653
1228,J7T,C,0.03647305878276427,0.45575362220206755,0.9573694231140849
1229,J7T,P,0.026949805706798644,1.2072582854622107,0.05202222056899718
1230,J7V,C,0.06852045254991408,1.0551234321260368,0.8690697062490101
1231,J7V,P,0.025798296489655956,1.1944544415984122,0.05302438776008226
1232,J7W,C,0.08997578071146146,1.2379052576348029,0.8951514147207323
1233,J7W,P,0.026599764163961537,1.1916722685279453,0.04822172707419938
1234,J7X,C,0.06435748799036181,0.663379029377446,0.9453967359600584
1235,J7X,P,0.027202931459426035,1.243840975872692,0.04051470257665635
1236,J7Y,C,0.08402896244626847,0.9895879696230836,0.8440300095912963
1237,J7Y,P,0.02520008496630102,1.2403504851596816,0.04378101000091285
1238,J7Z,C,0.09726546995102632,1.1660580393499111,0.49703462386999064
1239,J7Z,P,0.025258664662634663,1.2383619360215352,0.038438494897348026
1240,J8A,C,0.047371441745511216,0.495922253813686,1.0
1241,J8A,P,0.023212374391038213,1.2085448909316958,0.05710268257837489
1242,J8B,C,0.07977926977045292,1.0348494101041315,0.7340973653320335
1243,J8B,P,0.02524401754399772,1.20020310613973,0.07223887457380032
1244,J8C,C,0.09534098646201829,1.29206285890764,0.5415517935700315
1245,J8C,P,0.01969053956127755,1.2263404917603629,0.09104573869173713
1246,J8E,C,0.054435831959920127,0.8550071799767189,0.9043350540348412
1247,J8E,P,0.022080198151082378,1.1972401363352874,0.10734181168914152
1248,J8G,C,0.11826962511940785,0.8379535074477656,0.7073853605507644
1249,J8G,P,0.02892913091417561,1.218693564502309,0.037712833505467745
1250,J8H,C,0.08238130568388713,1.1313433939443975,0.6149165494140292
1251,J8H,P,0.026595632337514826,1.2217171564432203,0.05791331576756415
1252,J8L,C,0.07736503320261769,1.0838336395765802,0.5725358439396704
1253,J8L,P,0.022363138720678376,1.2137623192415232,0.06601934893973357
1254,J8M,C,0.04752127370722492,0.8309757844280798,0.7841877470664858
1255,J8M,P,0.02087308115912644,1.2122156179760855,0.08239686707741005
1256,J8N,C,0.09185196203178313,0.9563551618587164,0.7423840062117583
1257,J8N,P,0.024314145134161524,1.2127181082948713,0.07357695879035438
1258,J8P,C,0.0787824395283431,1.2345827575334125,0.8297313784682602
1259,J8P,P,0.026250136242342133,1.2095958320953206,0.07073467508123849
1260,J8R,C,0.07870848040459137,1.1990708489999555,0.8700579691597217
1261,J8R,P,0.024472025532313244,1.2042428775350944,0.07273363352135263
1262,J8T,C,0.07025057169691204,1.046020635622847,0.8640734457311144
1263,J8T,P,0.025865412252311863,1.2130057666436447,0.08626610466151108
1264,J8V,C,0.045132794867337914,0.6390308141993553,0.5715485186961615
1265,J8V,P,0.02314121871701752,1.2076451248421607,0.08860370396550521
1266,J8X,C,0.049260200834052255,1.0731232248616192,0.8515235999213189
1267,J8X,P,0.03533037760885599,1.2279457863774237,0.14069636296089766
1268,J8Y,C,0.07099714014084074,1.1066247788481025,0.6886365850611598
1269,J8Y,P,0.028394664502715574,1.2326449157144885,0.06597198823512508
1270,J8Z,C,0.0639120150413541,1.0676531574021817,0.8518483973086326
1271,J8Z,P,0.02534157963335795,1.2157506486436418,0.10238048102742506
1272,J9A,C,0.053311099436361094,0.969638855149825,0.8605532398253039
1273,J9A,P,0.023522689159621617,1.171983792040617,0.10443829390148585
1274,J9B,C,0.04877750695896122,0.5128991204832197,0.9671382651429984
1275,J9B,P,0.028007779733872456,1.2047949961383861,0.10743596169515424
1276,J9E,C,0.061712137487766154,0.956363412603664,0.6462688959759428
1277,J9E,P,0.01985800456421885,1.2194159028869962,0.04588835216241089
1278,J9H,C,0.07216397845226859,1.1593723172884198,0.8277732391917264
1279,J9H,P,0.03061928834053239,1.206052476285403,0.07986811832402867
1280,J9J,C,0.06002838428027691,1.1104060216513434,0.9497833875141307
1281,J9J,P,0.029200364681754336,1.2020450585455142,0.09440514957881542
1282,J9L,C,0.09849435628078679,1.2420008589347835,0.597995608218563
1283,J9L,P,0.022287527023537042,1.2065399001695063,0.04222033843818393
1284,J9P,C,0.07942000989341054,1.0036098213530498,0.6506605788672157
1285,J9P,P,0.017706772746704222,1.2122252769801787,0.05220993133375499
1286,J9T,C,0.07987161405923236,1.12010565260701,0.5510916205167856
1287,J9T,P,0.015162310350965293,1.224484016390919,0.060164164571816614
1288,J9V,C,0.09577029546654102,0.9355053836722372,0.4017224951219503
1289,J9V,P,0.01275749972662563,1.2114020211089314,0.0678664583825305
1290,J9X,C,0.07481692095220363,1.0142912735888034,0.5447357924941111
1291,J9X,P,0.01904869296509063,1.2037837168159662,0.0496875850608576
1292,J9Y,C,0.029345535228541973,0.6192052127495764,0.9248610641377856
1293,J9Y,P,0.014873365977657036,1.2128413538435794,0.06137105959454801
1294,J9Z,C,0.07418846149727218,0.9366332046775139,0.6263384742649174
1295,J9Z,P,0.01396538509381927,1.2227685980028014,0.056114228395980376
1296,K0A,C,0.08362579870648358,1.1359765460197564,0.5869773374358884
1297,K0A,P,0.024660088377337623,1.1831463650197178,0.014744518088948418
1298,K0B,C,0.07836986437930216,1.1376672774358263,0.3378640272718807
1299,K0B,P,0.01595009858284528,1.1473411355184506,0.013607243412949714
1300,K0C,C,0.07639893700454815,1.0480053985425948,0.4753127770973959
1301,K0C,P,0.01499946131256348,1.1749847899275132,0.01843006466417171
1302,K0E,C,0.06845412417993087,0.9531999001540961,0.5925930574816889
1303,K0E,P,0.011660329423884168,1.1836195202469233,0.008989620847392224
1304,K0G,C,0.10969930479886016,1.199582255615036,0.5623672080092564
1305,K0G,P,0.017137119335051125,1.186538794876998,0.010470397260772254
1306,K0H,C,0.02817641766237752,0.5541712455676426,0.8356638362703843
1307,K0H,P,0.013797009201941095,1.1797270196433791,0.009631682403193943
1308,K0J,C,0.031133972874270326,0.635160332774473,0.70987435061244
1309,K0J,P,0.014960160905704957,1.1823437153746161,0.009177594173945237
1310,K0K,C,0.06900571087247338,1.0379276346275605,0.5632068018911526
1311,K0K,P,0.015417071425624172,1.1409043221145267,0.006431510345801725
1312,K0L,C,0.05871472796443073,1.0908412393406857,0.6110388999901948
1313,K0L,P,0.019845564789910206,1.1550253031153332,0.0057275300820437925
1314,K0M,C,0.06727991240870199,1.202973868693092,0.6003778784612118
1315,K0M,P,0.017340895932423838,1.1722235159066132,0.005881724868365444
1316,K1A,C,0.023300104003105292,0.47962210126829474,0.829495199502729
1317,K1A,P,0.1220941590154327,1.2441883180308655,0.001444192021960521
1318,K1B,C,0.08749471457187133,1.175435853140222,0.9409374606461658
1319,K1B,P,0.031060187494637945,1.216936433861869,0.023987606683318206
1320,K1C,C,0.061743992925434726,1.042248306139958,0.9418829108062732
1321,K1C,P,0.03341289954803804,1.2123824813628064,0.024294121835606083
1322,K1E,C,0.0850176325020953,0.9635883129486348,0.8764861693552214
1323,K1E,P,0.033507332149212955,1.2036948047329057,0.029665187636916224
1324,K1G,C,0.06126411682490538,0.8933332295662425,0.965673949898569
1325,K1G,P,0.03861814031510187,1.1187851733278236,0.023580028739190198
1326,K1H,C,0.07305954750995328,0.9310853716792417,0.8900774811228284
1327,K1H,P,0.033560146022545416,1.213855216944887,0.02329414189206146
1328,K1J,C,0.06773733996212855,0.8090023700031913,0.9795356253908353
1329,K1J,P,0.03227997751844992,1.2099137224442054,0.028813976732095046
1330,K1K,C,0.05467242995725039,0.9486213742058756,0.9543126771992259
1331,K1K,P,0.03257765761692457,1.2294596065915002,0.031143771977711586
1332,K1L,C,0.06837696351812753,0.9285803249868125,0.9120766232654347
1333,K1L,P,0.02697043714907965,1.20718693608736,0.04455131999110183
1334,K1M,C,0.06249477500289501,1.1346513028173588,0.920260369105227
1335,K1M,P,0.02350364769452189,1.2199567822468307,0.0322930388898414
1336,K1N,C,0.07586663602114761,0.9956464854891094,0.9251456928635924
1337,K1N,P,0.05854463863415328,1.3338205437723525,0.04521743436224726
1338,K1P,C,0.04957448390993442,0.8798455180113731,0.9207795149926443
1339,K1P,P,0.08319655504479677,1.4322826124083825,0.03421231392484101
1340,K1R,C,0.053869277799990886,0.9478210055899606,0.8254290247173024
1341,K1R,P,0.04382720539460429,1.2780207588697594,0.037518410848952535
1342,K1S,C,0.05871012048841153,0.8917967100219124,0.8965685372037063
1343,K1S,P,0.03117737680301647,1.1030214429373715,0.02951671139200511
1344,K1T,C,0.06085970903166474,1.0857962695464547,0.9649987898259911
1345,K1T,P,0.03536889164283448,1.213377421966293,0.020505283922743894
1346,K1V,C,0.055623363266038436,0.8917606602122496,0.9448564159237302
1347,K1V,P,0.034092058599590344,1.1596690799962253,0.02577805926492509
1348,K1W,C,0.1044319082106763,1.1764045760726856,0.9440059271255171
1349,K1W,P,0.04291138772195379,1.2052565910212794,0.02351914341339852
1350,K1X,C,0.047986260337846705,1.237690673704337,0.646073121274358
1351,K1X,P,0.05148293219568759,1.1961382520629253,0.01942442579754327
1352,K1Y,C,0.07778239038344083,1.0469909485309714,0.9404424681715924
1353,K1Y,P,0.039828587291683995,1.2405616454694222,0.023671908176841425
1354,K1Z,C,0.06045831292992828,1.0078332902316156,0.8819741564835092
1355,K1Z,P,0.04680122284027998,1.2374065440524895,0.026269142011664817
1356,K2A,C,0.06809543192900998,1.2507581934583198,0.9559994421190297
1357,K2A,P,0.03311990594920117,1.2051646360710329,0.02313849793479578
1358,K2B,C,0.055657163547466776,0.8211917963826486,0.9773575858283033
1359,K2B,P,0.04137584237929007,1.186069498123829,0.02705750777047196
1360,K2C,C,0.06338922191477651,0.9932314412820142,0.8814419921577755
1361,K2C,P,0.0392770108537648,1.1914193074852255,0.021048040947891037
1362,K2E,C,0.06948465765812853,1.1691967261356735,0.9120819871336835
1363,K2E,P,0.04006691592963354,1.2421653206970158,0.02068114843685123
1364,K2G,C,0.06636434307298265,1.029646402614794,0.8783209010513013
1365,K2G,P,0.03571046699831008,1.1851411863431969,0.021498046525232652
1366,K2H,C,0.07208687408719154,1.0493724884518074,0.971394952062339
1367,K2H,P,0.03483512176477217,1.2065941735368884,0.01703840000929514
1368,K2J,C,0.09274574997000916,0.9735995899687582,0.8709640808100932
1369,K2J,P,0.0361374993500948,1.2003658914442794,0.02031356809163406
1370,K2K,C,0.05224174295721859,1.001624141269848,0.8967036525135951
1371,K2K,P,0.02508788217483812,1.1444865205790777,0.023151093273152137
1372,K2L,C,0.0806323951465292,1.1602284913092589,0.9639730389472999
1373,K2L,P,0.028194460142932223,1.207807142550961,0.02389957699623599
1374,K2M,C,0.0799449502159978,1.1695202729859533,0.9025693095292202
1375,K2M,P,0.03563254247401579,1.197465157063324,0.016373169278908393
1376,K2P,C,0.06950341698331682,1.0749146946305392,0.943182336411306
1377,K2P,P,0.05870661378385358,1.3984540376013677,0.05149581094067766
1378,K2R,C,0.08665481663247118,0.7405247151507508,0.9249306505324432
1379,K2R,P,0.01170216988153755,1.192420519863261,0.004820836135847808
1380,K2S,C,0.08153986893985252,1.1478064647937973,0.8922708002009957
1381,K2S,P,0.02681940087022916,1.1876481349326244,0.019392779430422804
1382,K2T,C,0.08929612494425693,1.2057409873615383,0.8143789218680747
1383,K2T,P,0.030397030558072455,1.1688172640657817,0.023239820258034345
1384,K2V,C,0.03568296583555184,0.7227898097534332,0.9526258089609664
1385,K2V,P,0.04488054021544072,1.2142907306778574,0.020371813497558275
1386,K2W,C,0.11206701928088698,1.3832888095859486,0.7876910353052332
1387,K2W,P,0.03130277586474264,1.186222615452475,0.023393631791962893
1388,K4A,C,0.07191919370309682,1.0672207020670446,0.9363179674204112
1389,K4A,P,0.03408939480408615,1.1995035336411668,0.02207641636934623
1390,K4B,C,0.1546331778481075,0.9332550623751165,0.512208948696691
1391,K4B,P,0.02815746552136958,1.156069499611289,0.016422756230943903
1392,K4C,C,0.16374348238076497,0.9715783298722788,0.3944175771836607
1393,K4C,P,0.02961259356148699,1.187232052193934,0.02202885993371394
1394,K4K,C,0.07152006065907847,1.2157195914116736,0.7610035655165673
1395,K4K,P,0.03612168711466554,1.196187243965299,0.01767119787856303
1396,K4M,C,0.09995753150057868,1.1579927557562957,0.6915597582348225
1397,K4M,P,0.03699046873601134,1.1735211066093052,0.016947037741141188
1398,K4P,C,0.10460132714043661,1.0475922188473474,0.7024302724036398
1399,K4P,P,0.026296594699100877,1.1876504439461217,0.022198302663715124
1400,K4R,C,0.09734720331840008,1.1551161340119247,0.42541718309637383
1401,K4R,P,0.028205765789739705,1.2265373380115827,0.015505848342142695
1402,K6A,C,0.0687458104311456,0.8501149139167086,0.7635469483848544
1403,K6A,P,0.03905999147851192,1.2210006102680895,0.011982850883802493
1404,K6H,C,0.04244402399388335,0.6345713468295984,0.9012158584459898
1405,K6H,P,0.030465087098282044,1.2038551483441973,0.017939448471070773
1406,K6J,C,0.036092697977623246,0.5771256423429378,0.9132961550370653
1407,K6J,P,0.022329832933092236,1.2119053583534034,0.016927097113330326
1408,K6K,C,0.07732922225585896,1.0338203732061937,0.6155876417041986
1409,K6K,P,0.02727338551654721,1.1895765959969773,0.020056559885597975
1410,K6T,C,0.0665188913014742,1.0414573610184394,0.7786067769722295
1411,K6T,P,0.008158575187199892,1.1753240921609063,0.012374021561371924
1412,K6V,C,0.07310794902701709,1.0391428900112436,0.8657300763660916
1413,K6V,P,0.021006444804488,1.1960126343008468,0.011435242515428035
1414,K7A,C,0.07446026533560578,1.1263123696733794,0.7575448967009091
1415,K7A,P,0.018207668697168992,1.165119761726217,0.010148491884185512
1416,K7C,C,0.07570750055857031,1.255944623780017,0.7335772952973105
1417,K7C,P,0.02090985514102643,1.177842705581328,0.010213663829774853
1418,K7G,C,0.06794858993118022,1.1873144393231052,0.7251996668753375
1419,K7G,P,0.022866248756356837,1.2049172192542013,0.005683755736865069
1420,K7H,C,0.03828518940553833,0.7970706569975169,0.7865733903890798
1421,K7H,P,0.023623508007701483,1.1920874797658516,0.0076743948011302006
1422,K7K,C,0.04693917280103873,0.8788248578635415,0.8834243287927076
1423,K7K,P,0.018638390078765325,1.19423959527406,0.0124361710006079
1424,K7L,C,0.047297382948810286,0.8494047823095158,0.8850127458340092
1425,K7L,P,0.012535807252142876,0.8609380442794289,0.019448280718294526
1426,K7M,C,0.057023172754337804,1.1158531742439677,0.8996313662877755
1427,K7M,P,0.010761165937617667,0.8795672760132627,0.014072972573590232
1428,K7N,C,0.040400721877547105,1.1969082169072,0.9093215583133416
1429,K7N,P,0.01706333908156991,1.1891947074695355,0.01090726081930665
1430,K7P,C,0.07470855579428344,1.36162673274963,0.7856685312643361
1431,K7P,P,0.01708955494494927,1.2001294772125153,0.01125660894491659
1432,K7R,C,0.0459437658340482,1.0485090981264786,0.7099891746370288
1433,K7R,P,0.01715932739291553,1.1249762386933602,0.0051456457007310104
1434,K7S,C,0.04336141377775826,0.8847689964844021,0.8057227790100473
1435,K7S,P,0.019745655256982155,1.1801651398270412,0.011443272169370189
1436,K7V,C,0.07079058773599584,0.8738551475091347,0.7257463520232584
1437,K7V,P,0.024620626575510014,1.1678969978282563,0.005544376410384264
1438,K8A,C,0.06946779918086736,1.1536957191584678,0.7257808547503671
1439,K8A,P,0.01183516749177895,1.1884385179334032,0.006316917934406765
1440,K8B,C,0.0640277505468767,1.17241313794555,0.5048741002855495
1441,K8B,P,,,
1442,K8H,C,0.047661839021236385,1.032495892900896,0.8180146386417031
1443,K8H,P,0.01817942438869221,1.186076613800174,0.004603680821360332
1444,K8N,C,0.05710866783002136,1.1028736319235601,0.8395191597771854
1445,K8N,P,0.015384672970409326,1.1485172295546715,0.006783986922627799
1446,K8P,C,0.05003872494989117,1.1461838665133883,0.8256765162085723
1447,K8P,P,0.02301581140295672,1.0400341730196485,0.010439650435759422
1448,K8R,C,0.07858090691243558,1.1149762580109621,0.3916108927821282
1449,K8R,P,0.02654212439703286,1.14045514702791,0.017551997302370646
1450,K8V,C,0.06397036753974586,1.1218674412260647,0.8068634372539116
1451,K8V,P,0.015711364375040924,1.1682264728286231,0.009018040523783995
1452,K9A,C,0.0649792350953988,1.2135407106809633,0.7909356311270346
1453,K9A,P,0.011989166533213979,0.795102129709325,0.010876798326884091
1454,K9H,C,0.05769011005217037,1.15294342619432,0.8351325273989413
1455,K9H,P,0.01948379168276344,1.1759446527429123,0.01008671531085287
1456,K9J,C,0.05004355350925903,1.16376424384014,0.8069305158951234
1457,K9J,P,0.015420512826216173,1.0273716730748084,0.009616940870542007
1458,K9K,C,0.05389507762739208,1.1463360921967356,0.7904482847920408
1459,K9K,P,0.015656457138864707,1.0419502647537948,0.00864934214763166
1460,K9L,C,0.06415949409748936,1.012945439786623,0.9332619316558222
1461,K9L,P,0.017258064778562954,0.7252418473886918,0.011270466779805704
1462,K9V,C,0.07010571496764542,1.1886311043315487,0.7606131842348741
1463,K9V,P,0.012719408981332453,1.0377898824539404,0.006704151594551292
1464,L0A,C,0.09879045169718144,0.9219601241350848,0.49316297775077494
1465,L0A,P,0.012090354201624721,1.182543432805388,0.005585625375727384
1466,L0B,C,0.06781970105735255,1.2749292781586252,0.35337087601477335
1467,L0B,P,0.01503605184828157,1.133831231356984,0.006012196998733233
1468,L0C,C,0.08082790566988604,1.1675497458040207,0.3947329508333812
1469,L0C,P,0.020318935812164436,1.1851382656195741,0.005602049290892969
1470,L0E,C,0.0876012432529716,1.204547706101699,0.604745239857031
1471,L0E,P,0.014886083159468369,1.1208646626032317,0.00941244231228922
1472,L0G,C,0.04654605420812885,1.0050228255498252,0.7547499381873316
1473,L0G,P,0.01774065968315585,1.150792263623398,0.0064017298540296795
1474,L0H,C,0.04097924332779548,1.1319910931097874,0.9559755272617639
1475,L0H,P,0.01953025819396791,1.1339895348294349,0.008464806251687225
1476,L0J,C,0.05708350840810405,1.1724360364869322,0.826760851846177
1477,L0J,P,0.008336808717533268,1.182545948135272,0.00823601574013048
1478,L0K,C,0.06263698531549045,0.8910596557066974,0.6818301279640637
1479,L0K,P,0.01434496877005476,1.1345361084139551,0.006972844813589114
1480,L0L,C,0.06421995891366711,0.9043309370169444,0.6051872113342341
1481,L0L,P,0.013494113871417272,1.1396514337620969,0.008944644268502635
1482,L0M,C,0.07781449916182548,1.2181961488730146,0.5590904181142802
1483,L0M,P,0.01920493556019793,1.1700949477930367,0.011759876020910364
1484,L0N,C,0.0560270857397477,0.7306426316477169,0.6345709487888931
1485,L0N,P,0.03728321717035356,1.1686914159621147,0.010256953257786822
1486,L0P,C,0.027343028259825063,0.7893860536955889,0.7761333622712172
1487,L0P,P,0.025722877187718447,1.1738760169959355,0.015232894983022452
1488,L0R,C,0.0671429329622171,1.1208122838535437,0.6147604453899667
1489,L0R,P,0.015130663320844569,1.186154102463954,0.013340558493309073
1490,L0S,C,0.044422702817796325,0.7817792843553338,0.7388703304315852
1491,L0S,P,0.012410836065573274,1.1834420476388956,0.018080977615387503
1492,L1A,C,0.03615420627139785,1.0484899852495524,0.8462219619493443
1493,L1A,P,0.018487078041854454,1.2105982782586944,0.006883558398202105
1494,L1B,C,0.05319670240606961,1.1668338868472772,0.7354274193779728
1495,L1B,P,0.02145110425865874,1.18140966470628,0.008639206208790523
1496,L1C,C,0.018290995330621347,0.7737569368171494,0.917752802789357
1497,L1C,P,0.01817610714413519,1.175770645170586,0.010189775115798994
1498,L1E,C,0.045150814984017115,0.7423749714231825,0.9197695592486196
1499,L1E,P,0.01870744185983441,1.1739747245774805,0.010019394756133915
1500,L1G,C,0.04177883620163067,1.0216884415598801,0.9216241629235445
1501,L1G,P,0.015127883992228287,0.9822759023835067,0.014552462673286868
1502,L1H,C,0.06000694260368227,1.0863311079317266,0.8246416118056799
1503,L1H,P,0.016346117990038465,1.1351069275699746,0.012840501328683895
1504,L1J,C,0.054959185973684335,0.9313393509925811,0.9241150540313895
1505,L1J,P,0.019598514767648602,1.0124853993843748,0.014404853574054717
1506,L1K,C,0.045458977767713765,1.159194411520194,0.499285665090847
1507,L1K,P,0.01402393674079338,1.1525837259101297,0.014139236431735725
1508,L1L,C,0.034836916152898884,0.9847718707567495,0.9310765311951278
1509,L1L,P,0.01669802090767985,1.1717924042535324,0.019454153877795286
1510,L1M,C,0.03129571798945207,1.1011683176809475,0.5062999777121888
1511,L1M,P,0.013908801094600234,1.1550466788099778,0.00959213493995994
1512,L1N,C,0.048845597929850375,1.0996021925845862,0.9153117326953237
1513,L1N,P,0.019597493163628008,1.166276381657626,0.010985587090544742
1514,L1P,C,0.0602596511619988,0.8764280698460497,0.7209915798157328
1515,L1P,P,0.020452949548067194,1.172435038098047,0.013553801598704332
1516,L1R,C,0.09826296960387941,1.117718787894198,0.9431783346950565
1517,L1R,P,0.015147665502844907,1.1641004393950107,0.013922924369141111
1518,L1S,C,0.0630033111523287,1.033063899007987,0.8953240054636279
1519,L1S,P,0.01668459320826425,1.141279950817155,0.009728883582297135
1520,L1T,C,0.05981212601309643,1.1508829824328737,0.8065649823698924
1521,L1T,P,0.01459646010193017,1.1482382943944718,0.010657681656447699
1522,L1V,C,0.049689401115286275,1.0396245674774967,0.9753694759783512
1523,L1V,P,0.019464353427905208,1.1808476063520197,0.009298871581742123
1524,L1W,C,0.04402817414817506,1.0440909632693278,0.919805417664871
1525,L1W,P,0.02476002632572039,1.1991521769004425,0.014962095462724749
1526,L1X,C,0.03827904203056026,1.0212563996761466,0.8247230442896804
1527,L1X,P,0.02301262803474482,1.1718028255180848,0.01253614919280655
1528,L1Y,C,0.07242357901536248,1.14800034460373,0.5106824335657287
1529,L1Y,P,0.01855634270083972,1.1278743252056556,0.011905826382330953
1530,L1Z,C,0.07451610323037876,0.7746375279341773,0.7843477405968824
1531,L1Z,P,0.015305218966615549,1.1557272873205036,0.01178169846069446
1532,L2A,C,0.05707103522162689,0.8463592791852133,0.8945315403602827
1533,L2A,P,0.010661984339986729,1.1884552899041325,0.016278037094717635
1534,L2E,C,0.04003202529071053,0.690185486691526,0.9178166166222143
1535,L2E,P,0.015920444497921536,1.1589789976739218,0.015688302365554466
1536,L2G,C,0.03705675942269622,0.8358080918881463,0.9412632481841684
1537,L2G,P,0.0171679784889146,1.1926869470005212,0.011058493908034647
1538,L2H,C,0.11695694610537612,0.9560934923585637,0.9054612025273331
1539,L2H,P,0.019046375870009673,1.1923594231568821,0.014657409128534674
1540,L2J,C,0.036853434092554115,0.7269792294307277,0.9439945986925287
1541,L2J,P,0.009467106433967662,1.2202290713597217,0.014260818752635653
1542,L2M,C,0.06820253140519875,0.8673894861563417,0.921303887539422
1543,L2M,P,0.01536823543448091,1.2195376287255388,0.00891174920435984
1544,L2N,C,0.05622941830672074,1.03829244921736,0.9163884069343966
1545,L2N,P,0.015095681014878692,0.9500495455729353,0.011422149010118964
1546,L2P,C,0.06672773492179826,0.8287664455744673,0.9102442320929447
1547,L2P,P,0.02123373433150526,1.091220746304258,0.009858773662993809
1548,L2R,C,0.054311818456210414,0.9657013144937071,0.8303344586812597
1549,L2R,P,0.0101295277010476,1.0538093869017475,0.014908264899676605
1550,L2S,C,0.07714141791898191,1.0168408100062682,0.9143037082995217
1551,L2S,P,0.028182697237178773,1.2086394869244133,0.011786952328328174
1552,L2T,C,0.06402530347600871,0.9350679040371613,0.9233750650671944
1553,L2T,P,0.007686198025830991,0.5628439543483578,0.02084767739568922
1554,L2V,C,0.03587540016336878,0.7233660736672496,0.8799345122653364
1555,L2V,P,0.015364283312401101,1.1486303750797364,0.01286496934668259
1556,L2W,C,0.031382215914659804,0.7463934368247086,0.9747817097047182
1557,L2W,P,0.07221403627844859,1.618919090520969,0.0029095882690752016
1558,L3B,C,0.06006845885437775,0.8793148070011977,0.8475117971552742
1559,L3B,P,0.013896370352489714,1.1269156144458075,0.021951700115698185
1560,L3C,C,0.06052290187773247,1.0549156685608911,0.8736567140662048
1561,L3C,P,0.015286275912405202,1.1714887901023625,0.01315174230506575
1562,L3K,C,0.06213027595624616,0.766258282138457,0.728538026298317
1563,L3K,P,0.011610882280374504,1.192241204026211,0.01828735656843722
1564,L3M,C,0.0648665277653659,0.9189702073433905,0.8650533678092822
1565,L3M,P,0.016126627811143223,1.2234982703493982,0.009289163935213014
1566,L3P,C,0.06492662002286735,1.2013559997797802,0.8728424624971385
1567,L3P,P,0.01645767887900673,1.1771433658576018,0.00614958500209034
1568,L3R,C,0.05376488979554637,1.1325539082377651,0.9350552588112102
1569,L3R,P,0.017197699533273783,1.2002680584032137,0.007666824127695804
1570,L3S,C,0.06854261716238315,1.385321699880847,0.8583462174150315
1571,L3S,P,0.02022398910999756,1.167472018764155,0.008332482756593942
1572,L3T,C,0.052146649743839646,1.1039745696396412,0.9722574315636698
1573,L3T,P,0.01508710783562396,1.074733393805541,0.011704982404730262
1574,L3V,C,0.056458092829555676,1.0708696640996922,0.8482826387107051
1575,L3V,P,0.02275072890550861,1.133564533219506,0.008843437032043365
1576,L3X,C,0.059408983543627135,0.9242966061104332,0.9395742475540577
1577,L3X,P,0.014365552322817207,1.1617267627851442,0.009128517671375623
1578,L3Y,C,0.057590945270847564,1.135653652251684,0.8490780136440033
1579,L3Y,P,0.021388096682343205,1.2023174285044596,0.008853499898002281
1580,L3Z,C,0.05160615053349828,1.0813283728805005,0.8327818265749071
1581,L3Z,P,0.020648399253876,1.1694889730719045,0.008414502518176716
1582,L4A,C,0.06144285793800307,1.2609278504068409,0.8093365472560896
1583,L4A,P,0.017918165622209967,1.167277405040463,0.009022009971363702
1584,L4B,C,0.05712448777595436,1.2094617779309382,0.93229848381847
1585,L4B,P,0.015242830256760972,1.162899192744755,0.008908398758228294
1586,L4C,C,0.04454262141729814,0.9738180046661215,0.9450406384099431
1587,L4C,P,0.01574466229338113,1.1567832650963044,0.009543591685665395
1588,L4E,C,0.06315683320855263,1.171941204784502,0.924424616798788
1589,L4E,P,0.016838536040832436,1.15213848411742,0.007032178647317253
1590,L4G,C,0.0643306380112245,1.1294271318401072,0.8759038031042274
1591,L4G,P,0.015796998793800202,1.1581130774077948,0.007692831289042872
1592,L4H,C,0.05737978255700738,1.4232101286039294,0.9412275704914602
1593,L4H,P,0.021040697135911265,1.1768974105932697,0.008489017042763796
1594,L4J,C,0.04651537812460873,1.1091959987448257,0.9715238092774807
1595,L4J,P,0.016099024239528217,1.1723639396510415,0.00913019640181538
1596,L4K,C,0.05494503893749205,1.1544758570201685,0.944717578272287
1597,L4K,P,0.03441708650654966,1.327210730763016,0.01523810892827429
1598,L4L,C,0.05821962960694068,1.0480349682192052,0.9528086700247871
1599,L4L,P,0.01530129276540756,1.152638791418875,0.006693040377469422
1600,L4M,C,0.04905816696499164,0.9834518061694241,0.8997934885059296
1601,L4M,P,0.012831581047934677,1.1488596453739683,0.01601859959805958
1602,L4N,C,0.054385829758354494,1.180289094858809,0.8956685078690326
1603,L4N,P,0.01447256368490923,1.0733972699479348,0.01230251291045846
1604,L4P,C,0.06733939884597885,1.129609066757264,0.8432808536203127
1605,L4P,P,0.013195403280208347,1.137368837357842,0.011270133173637351
1606,L4R,C,0.0629697511077886,1.1711637119653566,0.8777020605899383
1607,L4R,P,0.011075595958689132,1.1765521939724208,0.008266690210554196
1608,L4S,C,0.06090828636862392,0.9283262362622879,0.9182348268094307
1609,L4S,P,0.02100321309675362,1.1796498762356364,0.008199636285551159
1610,L4T,C,0.05070692097896288,1.0096221295482297,0.9789183070240832
1611,L4T,P,0.014132480424329281,0.7914893575284674,0.021620171164073238
1612,L4V,C,0.09424843081020878,1.2037777349052046,0.8674015275786324
1613,L4V,P,0.03333333333333333,1.6666666666666667,0.0013992846670210898
1614,L4W,C,0.055931625150142106,1.3183480353734347,0.9334648304478903
1615,L4W,P,0.01423043312028601,1.1728674702250719,0.011153282963602167
1616,L4X,C,0.05449224533387112,1.087437843416426,0.9061574106531413
1617,L4X,P,0.011105833050608213,0.7781522006227803,0.016879069253729086
1618,L4Y,C,0.06023198182041951,1.0507721769452192,0.9602360116089893
1619,L4Y,P,0.021509619098245975,1.1576466259775036,0.012768837595850336
1620,L4Z,C,0.04731903306357223,0.8743637074214924,0.9669154357551112
1621,L4Z,P,0.030532072403298447,1.2415440117727006,0.0158279570756667
1622,L5A,C,0.043792611204485694,1.0181224017683896,0.9618420233594022
1623,L5A,P,0.019034241137567718,0.935648569548007,0.018611760993030108
1624,L5B,C,0.03764650811291039,0.8765249891499596,0.965327964156686
1625,L5B,P,0.027979236935111663,1.2859787872468345,0.02146806817845353
1626,L5C,C,0.04545367926540858,1.0915174213594143,0.9676688138185461
1627,L5C,P,0.0162430056693241,1.1379644563613416,0.011219905193042454
1628,L5E,C,0.06350870937528938,0.9351742838891463,0.8334123469426162
1629,L5E,P,0.01864203261515065,1.177234785659241,0.011346015574718416
1630,L5G,C,0.047233629610017085,0.99362864606961,0.9496429418238322
1631,L5G,P,0.01174126133752328,0.9302483217023163,0.012607076413912649
1632,L5H,C,0.051952388573820896,1.0238898374731416,0.9281773478783099
1633,L5H,P,0.020355116426330627,1.210290452346194,0.008309750775884875
1634,L5J,C,0.07305018568677757,0.9435909057755792,0.9297555588849667
1635,L5J,P,0.020807483981887864,1.199243568300053,0.012644459804065793
1636,L5K,C,0.03799380746125527,0.9226822517198359,0.9703910535896533
1637,L5K,P,0.013907532050730365,0.6197801691914467,0.018529215556035053
1638,L5L,C,0.04463159762183105,1.0140124824307215,0.9392624361108773
1639,L5L,P,0.014630908941255877,1.0413134653894098,0.01286384046647039
1640,L5M,C,0.034917824406054586,0.942849936604321,0.5223533880987952
1641,L5M,P,0.019611519923673583,1.1885752003693708,0.01427217103723187
1642,L5N,C,0.05492825499705955,1.0063473591097007,0.9134917394950954
1643,L5N,P,0.020855242561968534,1.1556800661614528,0.012040496599807769
1644,L5P,C,0.03191524765380981,0.832641147125326,0.9980570778595255
1645,L5P,P,,,
1646,L5R,C,0.04002715248630733,1.1264764920788868,0.8730398441111261
1647,L5R,P,0.021475401762227408,1.204579466270997,0.015006252737260055
1648,L5S,C,0.057658094278383865,1.1118035788203562,0.9003395316385715
1649,L5S,P,,,
1650,L5T,C,0.05034164679672906,1.062099055170249,0.895217194664973
1651,L5T,P,0.05641038089595013,1.256408983261116,0.07684111912554023
1652,L5V,C,0.06257753692153077,1.2402864785771173,0.8918362095646198
1653,L5V,P,0.018302130713711142,1.1745409136720948,0.014668617078320493
1654,L5W,C,0.06349369476373647,0.9237167622600708,1.0
1655,L5W,P,0.02487544463169676,1.1804083211108438,0.015405919179260479
1656,L6A,C,0.04999521849070896,1.0855712650464089,0.9362775796647844
1657,L6A,P,0.020524580218728727,1.1903025690568882,0.00824506493164109
1658,L6B,C,0.07275769285648367,1.14769432976335,0.8654491946567581
1659,L6B,P,0.02355153246852713,1.1939890403835631,0.010477867454918586
1660,L6C,C,0.04306565761640348,1.0376998100268873,0.9304066834574114
1661,L6C,P,0.014209159320395246,1.180601469751941,0.00889655501145466
1662,L6E,C,0.049369336833772356,1.0400922637279393,0.9546940415657839
1663,L6E,P,0.025815080971914494,1.177090775290996,0.006922468186059922
1664,L6G,C,0.04828366176426871,1.080926999130799,0.9509745962384522
1665,L6G,P,0.03266229811465308,1.3641208248568182,0.017724792855756386
1666,L6H,C,0.06092253626054924,1.135561695226204,0.9286130943400809
1667,L6H,P,0.01630936782723275,1.1495828210035952,0.012468921272091418
1668,L6J,C,0.05281175380657208,0.9505844633284868,0.9631890990133593
1669,L6J,P,0.01670153854542949,1.2297439022006587,0.010428506005871276
1670,L6K,C,0.05291406782848522,1.0901661145861186,0.8955495380775098
1671,L6K,P,0.02927685471166518,1.198377217261141,0.009264629154035526
1672,L6L,C,0.05562479224764664,1.0486910300968162,0.9183230974585
1673,L6L,P,0.02148158467768528,1.2082382007632835,0.010657456632828053
1674,L6M,C,0.06249825769878271,0.8475695319515906,0.9434180660541863
1675,L6M,P,0.024512267725236618,1.1924328780970588,0.01134110178704677
1676,L6P,C,0.0532709441842991,1.0357682736458826,0.9624461368670991
1677,L6P,P,0.023263395198026563,1.1740679962870575,0.014644864348443752
1678,L6R,C,0.06880480435879387,1.0023209718598372,0.8842134313751938
1679,L6R,P,0.02625870667944474,1.178150611919277,0.013968745025626747
1680,L6S,C,0.04735833334900281,0.8976048029091244,0.8706019573870483
1681,L6S,P,0.02085158928635405,1.1323377987667387,0.012272081239917774
1682,L6T,C,0.04666311717238325,1.0398575273041815,0.951438419437737
1683,L6T,P,0.02425609030078982,1.2525262801411803,0.014335962041049756
1684,L6V,C,0.07152876936381265,1.0870087394402177,0.9442527945874083
1685,L6V,P,0.023169819327446318,1.1850077562069994,0.01429245116780839
1686,L6W,C,0.05845038002150001,0.9949398741061858,0.9579557489104047
1687,L6W,P,0.024933550293013387,1.152735010915207,0.012765074035946183
1688,L6X,C,0.05764080528557507,0.9600866650846906,0.9172864542238042
1689,L6X,P,0.025331506375221618,1.1615098968951694,0.015286675579591045
1690,L6Y,C,0.059307820616534716,0.9845786276134004,0.8613813242952595
1691,L6Y,P,0.017706155429182753,1.040001532747392,0.016118475578683032
1692,L6Z,C,0.07765392671121582,1.2346210111467253,0.941517734985321
1693,L6Z,P,0.01993953961881105,1.1513640149751811,0.014270919684809685
1694,L7A,C,0.05453265371768378,1.0471235974979376,0.9278958233263714
1695,L7A,P,0.021353016576725038,1.1562054128571415,0.01577172874214378
1696,L7B,C,0.056273688907332135,1.0904123693142111,0.7259361708095026
1697,L7B,P,0.014552515267141533,1.1885758839221017,0.00911912270993916
1698,L7C,C,0.05402521896882715,0.8780650309890629,0.8087681599461446
1699,L7C,P,0.022070853636432013,1.174149070775711,0.013814486555879885
1700,L7E,C,0.10026317622572074,1.018406439914093,0.853330929649018
1701,L7E,P,0.022752129815104893,1.1429472835803238,0.008994903242314093
1702,L7G,C,0.05805470537765945,0.9623213853727585,0.8753432573626669
1703,L7G,P,0.02175633680043081,1.1893288346081348,0.0064512281591488
1704,L7J,C,0.04898152490605558,0.9184578197685328,0.8005171025005484
1705,L7J,P,0.02093797106410537,1.1851642370751152,0.008641901502250365
1706,L7K,C,0.06213654708584607,1.0141291054574109,0.7549113144088709
1707,L7K,P,0.015264050067685534,1.1619619585899765,0.006622844081243731
1708,L7L,C,0.05150275090763759,1.0806844063787557,0.9196101717320136
1709,L7L,P,0.024117932898972395,1.213765194692927,0.009803883388148667
1710,L7M,C,0.05675344140331873,1.082045543224406,0.910810503179523
1711,L7M,P,0.022606367261882438,1.2023188311355695,0.008625279111791243
1712,L7N,C,0.0708017168948697,1.2465490835374986,0.9250957542895017
1713,L7N,P,0.0251511607521661,1.15972156934539,0.009438551115202372
1714,L7P,C,0.04903733828312451,1.0814784942699422,0.9033600602945575
1715,L7P,P,0.019690230298228962,1.1953455518240843,0.007267990892000603
1716,L7R,C,0.04540681188739454,1.0464783881061381,0.8963130361840662
1717,L7R,P,0.013333127272630528,0.9206978774408894,0.011654258476356306
1718,L7S,C,0.046970804876909175,0.8138824077129988,0.9697652454252467
1719,L7S,P,0.012614345056468896,0.8955062134307733,0.016255313159961697
1720,L7T,C,0.044766311309811034,0.9875984609204824,0.928966989395916
1721,L7T,P,0.026603295082444765,1.2559310361538645,0.00657330477117901
1722,L8E,C,0.047938950182198535,0.9013167821676,0.9165080188190196
1723,L8E,P,0.0066126487795262,0.4685983103635447,0.03521087704084272
1724,L8G,C,0.0541385522448323,1.1708702949172252,0.8683928702236684
1725,L8G,P,0.004060575001575608,0.3224261248083432,0.04966748725647091
1726,L8H,C,0.020618932342815588,0.34774053107212777,0.9874048104245882
1727,L8H,P,0.02212898745112623,1.1691355059931898,0.011916768171701094
1728,L8J,C,0.06900796460823631,1.1077164793378667,0.8369371921071719
1729,L8J,P,0.02659223417019844,1.1856673853325417,0.012837987735128634
1730,L8K,C,0.0531988256540056,1.0736770154719284,0.8804974423714338
1731,L8K,P,0.009244299262043907,0.5508412474185247,0.02424348192322954
1732,L8L,C,0.03327651314280137,0.5433632010523168,0.9380661582353305
1733,L8L,P,0.01692667167503337,0.9683597737802215,0.01967110103088963
1734,L8M,C,0.05833728528158835,1.0795831192831993,0.7831293733053669
1735,L8M,P,0.013669968325560106,0.799816276166499,0.018548267160758965
1736,L8N,C,0.04543862596899241,0.821117300462179,0.921330032243903
1737,L8N,P,0.005785058269187909,0.3561333294946031,0.0959533349766055
1738,L8P,C,0.04903710335411182,0.9898639410703362,0.9320152941085634
1739,L8P,P,0.0040661487609600965,0.31757964582754405,0.06746062026894209
1740,L8R,C,0.050363031480382334,1.0362431450404392,0.905726990137915
1741,L8R,P,0.020508001820058862,0.9561996030342892,0.02335500053986416
1742,L8S,C,0.040096761390558365,0.7433806192779147,0.9120832077692533
1743,L8S,P,0.0016967875683895513,0.18479240072886,0.13985759596072528
1744,L8T,C,0.07473808533970079,0.9436929754968005,0.8787223465481039
1745,L8T,P,0.004141066949424884,0.31241677710549204,0.04669583523309214
1746,L8V,C,0.054816429645340316,1.044758172936437,0.9296209012550927
1747,L8V,P,0.007411896789526276,0.445070294538339,0.03177995273313417
1748,L8W,C,0.06153117374630422,1.1762718276858057,0.9211910132503993
1749,L8W,P,0.02342716515671082,1.2016905921291667,0.008720024114870816
1750,L9A,C,0.06432697408966924,1.0772094607686888,0.8923564144161459
1751,L9A,P,0.004840868624788589,0.3483360769919386,0.04119435314033834
1752,L9B,C,0.09575435137238528,1.1723744733800567,0.9182067622680464
1753,L9B,P,0.02718184100619109,1.1917165469498345,0.010093214961023281
1754,L9C,C,0.04535679394457559,1.0245284856233277,0.9532637396844162
1755,L9C,P,0.0044236940598671795,0.35790270673870744,0.035164436923504704
1756,L9E,C,0.046621514977535625,0.8910160379886188,0.7548069896870894
1757,L9E,P,0.018764012680308424,1.1837408108082002,0.013420898995492115
1758,L9G,C,0.06914438077390665,1.1443963449267482,0.9099105848309326
1759,L9G,P,0.019443382941057612,1.0678598119744545,0.008554730248608321
1760,L9H,C,0.0582603623450946,1.0008978671255258,0.87186384314137
1761,L9H,P,0.014048469482049445,0.6849358227768775,0.010598025953579176
1762,L9J,C,0.046390347702196195,1.075112264192444,0.5874865133902488
1763,L9J,P,0.01088068321320413,1.1343479461095318,0.02940558301675014
1764,L9K,C,0.06911767729306019,1.0879950855129772,0.9524613040879106
1765,L9K,P,0.01408750531708489,1.1719298100147577,0.00893731734488972
1766,L9L,C,0.058344373023039256,1.0268394398792673,0.7629550025429015
1767,L9L,P,0.023239852776825422,1.2171613584432042,0.005622167457540992
1768,L9M,C,0.06561755664182703,0.959104430798205,0.8506634325914044
1769,L9M,P,0.011634176173091489,1.163209484398324,0.00876180800494725
1770,L9N,C,0.06137079101931028,1.2044590765633376,0.8549311238112289
1771,L9N,P,0.012878894847933513,1.1607101991732258,0.007683025638062895
1772,L9P,C,0.06170753765506314,1.2801626107406576,0.7105320044274512
1773,L9P,P,0.01770838923998188,1.2159242546984748,0.0073901822021682625
1774,L9R,C,0.05128616934676072,0.7961752299704996,0.8207088348161248
1775,L9R,P,0.02346005879579171,1.2220146390511852,0.008811751838566076
1776,L9S,C,0.04893555750476427,1.1909868392528407,0.8549390289639793
1777,L9S,P,0.015851268503285283,1.1465572366414254,0.01387352134885357
1778,L9T,C,0.053153751705462216,0.8254971115191113,0.9540634368177187
1779,L9T,P,0.023454004007347314,1.1802534058867276,0.011585735589707161
1780,L9V,C,0.052408090909093805,1.0110144116332838,0.4465356815562326
1781,L9V,P,0.024241133747196438,1.1517260133761837,0.010365939440008793
1782,L9W,C,0.06543397167749193,1.1902367054654381,0.6983555599211166
1783,L9W,P,0.01721185507230722,1.1644800044857306,0.007376702034633401
1784,L9Y,C,0.05378531448813129,1.0632558732176953,0.8887460783475574
1785,L9Y,P,0.017971410569025795,1.175257095920522,0.00890123071350124
1786,L9Z,C,0.05986839675276906,1.0621052657968564,0.8039981267012474
1787,L9Z,P,0.016534171197408354,1.1340514410520564,0.01269732917081364
1788,M1B,C,0.05047791790047001,1.0756565330084604,0.955761648865006
1789,M1B,P,0.024168858342658826,1.1815962294829132,0.015434720172388564
1790,M1C,C,0.0521919505655694,0.9031789439761747,0.9760785286442764
1791,M1C,P,0.0181822921821304,1.0861098922973798,0.014701475618755528
1792,M1E,C,0.04632975993706515,0.8179141538698657,0.9488630031873324
1793,M1E,P,0.0180322314528608,1.083408588329448,0.014645534703109822
1794,M1G,C,0.043605843517217954,0.8375100080409164,0.98904009661907
1795,M1G,P,0.01802698103385538,1.0673877871508661,0.015430001212388996
1796,M1H,C,0.038624814914734525,0.9563263041685874,0.9389170350229377
1797,M1H,P,0.02335387024258139,1.1410914949692195,0.0136763620554787
1798,M1J,C,0.04850996222533504,0.8972354694371971,0.9733914850844761
1799,M1J,P,0.010820578386864173,0.6216887992159135,0.029419073007234606
1800,M1K,C,0.04695969080035022,0.9533294812006158,0.9667605936885996
1801,M1K,P,0.0194335282949661,0.989124022660106,0.014395543638593723
1802,M1L,C,0.04953086184962698,0.9362003978812383,0.9515400695042179
1803,M1L,P,0.01387472382718796,0.8583836863456181,0.017151615252928736
1804,M1M,C,0.05039421060447072,0.9401574751100922,0.9799194240922217
1805,M1M,P,0.019605867588920654,1.1179529892566111,0.013829838184293956
1806,M1N,C,0.04524160912558954,0.8655623181827149,0.8862562853509922
1807,M1N,P,0.018395983325291004,1.0623754017155729,0.013323779189733232
1808,M1P,C,0.0524780361235472,1.0911416164868908,0.9318916289340156
1809,M1P,P,0.02125093311672714,1.1026873415126537,0.01638806606715023
1810,M1R,C,0.05824653517974476,1.0704731085561754,0.9212080882334235
1811,M1R,P,0.018286475596408943,1.1221787589871797,0.012751391330152366
1812,M1S,C,0.04775541818964385,1.1114944906214328,0.9545641062025464
1813,M1S,P,0.017043668050497344,1.1590095272160044,0.009398584291039545
1814,M1T,C,0.04446764685508491,0.9452857209201354,0.9519149031474673
1815,M1T,P,0.023962015646556097,1.106625517530639,0.013966421828647557
1816,M1V,C,0.05425586207511355,1.0927700670018956,0.9401760137167096
1817,M1V,P,0.017234249921904445,0.9697719648679538,0.007986029498530526
1818,M1W,C,0.03870538927507813,1.0378972008013256,0.979379764914406
1819,M1W,P,0.021274116303560752,1.0505003637886294,0.01204759409551422
1820,M1X,C,0.07163784423306464,1.0278532279864196,0.7871180739680527
1821,M1X,P,0.018647834479521994,1.1786016804049098,0.009650884915898491
1822,M2H,C,0.040916878555112904,0.9191861454940313,0.9813836101168464
1823,M2H,P,0.018657117319708795,1.1343531801261626,0.010356085270463897
1824,M2J,C,0.039343717478934545,0.9322529704157151,0.9616928660083913
1825,M2J,P,0.02178698763194257,1.0220578038734942,0.017621250118651184
1826,M2K,C,0.031912703789278,0.8596296834258708,0.9603107371336388
1827,M2K,P,0.02158493184070021,1.2528604235593381,0.01535356207062046
1828,M2L,C,0.04131231259933405,0.937579577994742,0.9474478616700217
1829,M2L,P,0.009091377330393067,1.232954526773062,0.013714877431575383
1830,M2M,C,0.03944762251858956,0.9359455052257353,0.9731943082581938
1831,M2M,P,0.01543620282624072,1.185342934965328,0.016383158814317643
1832,M2N,C,0.043835327690168784,0.9507158742596644,0.9753455964738796
1833,M2N,P,0.019918151166437085,1.2148914866401694,0.015599085256009402
1834,M2P,C,0.0388895684148272,0.6757768134217548,0.9868252916163142
1835,M2P,P,0.011415193902378957,1.1747455718538342,0.007646357864485411
1836,M2R,C,0.04002445180926721,0.8505221042349908,1.0
1837,M2R,P,0.007774358265694389,0.7057350075074111,0.0217241161029536
1838,M3A,C,0.052742913382380865,0.9471231205325765,0.9607500142106907
1839,M3A,P,0.02215086516841769,1.1000121973179438,0.014754618817276577
1840,M3B,C,0.057675907556806856,1.2349200844330086,0.93027671830538
1841,M3B,P,0.019952534507282325,1.0872884763038386,0.009613221567298496
1842,M3C,C,0.04913627204757247,0.9993203770616401,0.9777522725601673
1843,M3C,P,0.020680648832467903,1.1479671452316171,0.033992643879726114
1844,M3H,C,0.047665522309108754,0.8783636253102793,0.9471349981575026
1845,M3H,P,0.015559596585575396,1.0923142715158203,0.012742778265953407
1846,M3J,C,0.04728596219675465,0.9645157711815494,0.9715889906422844
1847,M3J,P,0.009158465205689031,0.8030134679922839,0.02333106354591213
1848,M3K,C,0.03156274501860418,0.6957495223235496,0.9781286926406313
1849,M3K,P,0.017510631302862064,1.2004884086497694,0.012365514898112964
1850,M3L,C,0.06539209938791363,1.1406039834859034,0.9898599482670117
1851,M3L,P,0.023089520566507357,1.1458663887922633,0.010497113394973697
1852,M3M,C,0.055390298846671945,0.8338086744826845,0.9825156253968932
1853,M3M,P,0.017269968032612035,1.1177665340871943,0.009006681021650373
1854,M3N,C,0.05802364083745517,0.9760962638813931,0.9676292088729024
1855,M3N,P,0.011890615718502006,0.7576154222997533,0.02271261636099016
1856,M4A,C,0.058369185718616365,1.0595263092802456,0.9692630104824406
1857,M4A,P,0.014833556404407653,1.0501602436098707,0.01804993303908522
1858,M4B,C,0.03507266220201649,0.6535984286704506,0.9668348720355502
1859,M4B,P,0.01904291076289879,1.1439923214111576,0.017256231749855667
1860,M4C,C,0.050579624927218306,0.918860945848554,0.9203032927868491
1861,M4C,P,0.019947191454158773,1.1218338424372376,0.014019915997497365
1862,M4E,C,0.06380156795234011,0.9886808349520548,0.8613238698171507
1863,M4E,P,0.01845581078088758,1.1883433527807812,0.013704996914532124
1864,M4G,C,0.05297281785003253,1.106968772561572,0.9602712328418122
1865,M4G,P,0.023341672396844336,1.208706321473542,0.010766152044208438
1866,M4H,C,0.04470114831694104,0.9083542308373909,0.9718717513177725
1867,M4H,P,0.006050804337216355,0.3593502587989046,0.18558743513852974
1868,M4J,C,0.022682838572703045,0.4258413686012267,0.9585328833786221
1869,M4J,P,0.01671608980977696,1.1589937881740064,0.01003331113397825
1870,M4K,C,0.05495077019210921,0.9322658574917815,0.9401200952220587
1871,M4K,P,0.013684563013633482,0.9282280453768449,0.016521541328153908
1872,M4L,C,0.06063870744924985,0.7827281237641985,0.8177460531785039
1873,M4L,P,0.024846131394839245,1.1915765347100504,0.013197540111580738
1874,M4M,C,0.048730270998683815,0.8555161135373043,0.9191042163615087
1875,M4M,P,0.021195958646068946,1.2065181871125137,0.017144635767195316
1876,M4N,C,0.049486267430675274,1.1069162963142436,0.943810996817079
1877,M4N,P,0.014995758986385742,1.108759347559032,0.008416420816521311
1878,M4P,C,0.03783392974401786,1.0449645022522753,0.9579199922279412
1879,M4P,P,0.03527594996872212,1.2890871736576814,0.03283049373443933
1880,M4R,C,0.03441273273159068,0.4164369211662223,0.9937618290045922
1881,M4R,P,0.025317525541672693,1.2650681796938918,0.013155710362200018
1882,M4S,C,0.03272128052188438,0.8925063713571624,0.9733244319769897
1883,M4S,P,0.028686376171429762,1.240656294982149,0.02204598376500619
1884,M4T,C,0.03606943405816012,0.8311005490641155,0.9598736052538983
1885,M4T,P,0.0177658296959005,1.0175446872349587,0.019108100796690466
1886,M4V,C,0.04449782368467643,0.9747624853183,0.9707497911724966
1887,M4V,P,0.012628173834004929,1.219283299435677,0.022678545665317407
1888,M4W,C,0.03972613225129437,0.9904754014627958,0.9685963375179621
1889,M4W,P,0.02300930417606249,1.230490427517472,0.015648810177867734
1890,M4X,C,0.04211090936703958,0.8572280643458436,0.9472508909796654
1891,M4X,P,0.03219198029061357,1.3682830943845006,0.02785515210036895
1892,M4Y,C,0.038131226365672836,0.9696657935743378,0.9804408954908107
1893,M4Y,P,0.029601093142817825,1.0584638742191432,0.07304737610919625
1894,M5A,C,0.03995958921095913,0.9091501961253372,0.966437734127569
1895,M5A,P,0.03685589530246093,1.3573876643457603,0.04408291939645274
1896,M5B,C,0.025832506317255775,0.8151618893079733,0.9854334258028411
1897,M5B,P,0.03817023467132427,1.2890649772357503,0.0719592812744688
1898,M5C,C,0.05137113036545946,0.9332625046167266,0.9023552989160769
1899,M5C,P,0.03293997102635583,1.3288434173902894,0.06373808108504077
1900,M5E,C,0.03474436292268366,0.8855936390773641,0.9809771891822922
1901,M5E,P,0.03177723702861445,1.3529244424164533,0.05586529968345499
1902,M5G,C,0.041322514166366675,0.7895827342241365,0.9775347281701947
1903,M5G,P,0.029742634971882394,1.1387303752264806,0.07802976169679277
1904,M5H,C,0.04561088937742791,0.8713374487053226,0.8682098385673083
1905,M5H,P,0.032187540153490304,1.4433031937417145,0.049774635416121614
1906,M5J,C,0.033578099058374486,0.7417083287182565,0.9543653026918817
1907,M5J,P,0.028985243580799205,1.3444140981314454,0.04884644040371082
1908,M5K,C,0.028381685449111436,0.8012124204238892,0.880351137895038
1909,M5K,P,0.02070266363460081,1.4287587921095775,0.029047829091211116
1910,M5L,C,0.02602242569388043,0.36918258737132215,0.9966534262066986
1911,M5L,P,0.04848446058384817,1.0336861395010408,0.07034633667431578
1912,M5M,C,0.056583206348018215,1.0961754403812518,0.9161738982523817
1913,M5M,P,0.022127469256019074,1.0524876605476228,0.01073180986839224
1914,M5N,C,0.04703952593179762,0.9569365935140651,0.9327125054852637
1915,M5N,P,0.027936408778909436,1.120230059305433,0.008296664045038064
1916,M5P,C,0.042563075276734995,0.8867739676020141,0.9374599599104428
1917,M5P,P,0.017320603679486183,1.0526762616723728,0.015125603633447721
1918,M5R,C,0.03873833079248945,0.8735815603719557,0.9617662146765915
1919,M5R,P,0.017814504114505355,1.0679983231269872,0.024350811753185653
1920,M5S,C,0.04148267671764138,0.8683818293752924,0.9745356959782558
1921,M5S,P,0.018404585728313275,0.8845418094508442,0.04380791586223475
1922,M5T,C,0.04950898567405407,0.966438131621609,0.8926997840789141
1923,M5T,P,0.03661705685531416,1.3942241083665174,0.0348145740317071
1924,M5V,C,0.03649769463924179,0.8656619184480046,0.9676292066226033
1925,M5V,P,0.03622413769684756,1.3996109815439393,0.05058947821412614
1926,M5W,C,0.025879093027517862,1.3207378699486638,0.9903012998290117
1927,M5W,P,0.004953095589271136,1.2904891059902202,0.18793076624409036
1928,M5X,C,0.018964059707869345,1.1833236505784688,0.8930903754638257
1929,M5X,P,0.00625,1.25,0.06583874445514325
1930,M6A,C,0.042018595814318827,1.0138411312178415,0.9633145429566103
1931,M6A,P,0.017854616223904097,1.1039819635722676,0.019704868339039328
1932,M6B,C,0.05445516587727886,0.9954811803797992,0.9452063133420648
1933,M6B,P,0.01650072582886342,1.1665646016918279,0.01133846819213203
1934,M6C,C,0.06334394110455457,1.0959289697322459,0.9389274688851084
1935,M6C,P,0.019538907010575146,1.180952872142718,0.009761756000469184
1936,M6E,C,0.065011171190465,1.093450593781403,0.8919132944102552
1937,M6E,P,0.017390795524351445,1.1869698952630632,0.010541669190045231
1938,M6G,C,0.04651636076125854,0.9466681520898068,0.9057593826889957
1939,M6G,P,0.02192676392004461,1.205087301484543,0.016343180620997922
1940,M6H,C,0.05517746875444999,1.0516441199148128,0.9132738945834044
1941,M6H,P,0.018868460052496094,1.1835906523749034,0.01527176454415574
1942,M6J,C,0.052250364704518326,1.0398894713798037,0.9302908988907524
1943,M6J,P,0.026001542151490763,1.2410050519800295,0.017496736033608462
1944,M6K,C,0.039282295684486226,0.8879645328189408,0.953666732429519
1945,M6K,P,0.026388486207506966,1.162353182469325,0.033954204313259635
1946,M6L,C,0.04479829598533217,0.8947562983706314,0.9574831313660255
1947,M6L,P,0.01757154257464253,1.1601574676081785,0.011038821290935722
1948,M6M,C,0.045677238609167226,0.9674543327790558,0.933969662195686
1949,M6M,P,0.01722454844098967,1.0573467000798777,0.013628567628942174
1950,M6N,C,0.07331025405873583,1.071234718958279,0.9469592363875846
1951,M6N,P,0.02348465988650101,1.202398160712354,0.013082952173241945
1952,M6P,C,0.03928342216564845,0.8193846110878762,0.8816427064902777
1953,M6P,P,0.028061660560064077,1.2915153286602965,0.015369212947478193
1954,M6R,C,0.05123120623051414,0.9036136899971364,0.9114368843138861
1955,M6R,P,0.01516698131729378,1.0443348379851773,0.014138385250361383
1956,M6S,C,0.05223704190755456,0.9250053338998723,0.9545545547666664
1957,M6S,P,0.026805130493163635,1.2158990197490465,0.01260149911071612
1958,M7A,C,0.010844800802315051,1.0093168954100404,0.9810550076076011
1959,M7A,P,0.002763175438271842,0.19390222434792428,0.3187595725358205
1960,M8V,C,0.048369349345553266,0.9249023857339871,0.9693675539677831
1961,M8V,P,0.02667899375506039,1.2104292313752008,0.022002511470666203
1962,M8W,C,0.05939505165058319,1.0078047442793718,0.9200913818876071
1963,M8W,P,0.02181530216163837,1.1194085766880284,0.012591800461613071
1964,M8X,C,0.05106745981159635,0.9110133681876472,0.9306789872966059
1965,M8X,P,0.03364161648010559,1.2748505352605786,0.0055173086562381405
1966,M8Y,C,0.04290695913308234,0.9286583726845271,0.9284415243911291
1967,M8Y,P,0.021944456453937795,1.1595329587064227,0.0130121734983661
1968,M8Z,C,0.04652421371471602,1.1093480228909014,0.9330740826817402
1969,M8Z,P,0.02124705495225536,1.2535614959534866,0.013904925695947009
1970,M9A,C,0.049912618606361446,0.9889248194929161,0.9518283354327598
1971,M9A,P,0.007175023145481375,0.3274627763706466,0.04163500677362444
1972,M9B,C,0.03947784266675107,0.919518314731979,0.9766199648865733
1973,M9B,P,0.01939156024715757,1.1218026197126925,0.015675377113774567
1974,M9C,C,0.03513378737845483,0.8367948098561558,0.9803483653032692
1975,M9C,P,0.017895484600131246,1.0090453404068884,0.015116645741978454
1976,M9L,C,0.03877424473180342,0.9139374458427522,0.9663172980826089
1977,M9L,P,0.016563168415058307,1.1253941838714416,0.012285704293857811
1978,M9M,C,0.04648729885979819,0.996045656718589,0.9676344898157109
1979,M9M,P,0.022579182200761643,1.1018442069910843,0.013046489570447366
1980,M9N,C,0.048261876360291105,0.9806764400871085,0.9238889755412468
1981,M9N,P,0.011578403564346959,0.7105078057571232,0.01812874593069412
1982,M9P,C,0.056118238642016254,0.9404737612687669,0.9728402047946673
1983,M9P,P,0.021335074727480516,1.201598055542576,0.011371475258182256
1984,M9R,C,0.04940723201444403,0.9910396400611351,0.9825895448495932
1985,M9R,P,0.018078712211904133,1.043873529844471,0.013469594482023589
1986,M9V,C,0.04736175569763852,0.9020017926765955,0.9525908532277801
1987,M9V,P,0.009735543100082114,0.7421495522665643,0.019488709117666234
1988,M9W,C,0.048615273475569695,1.022324539961003,0.9430612687681135
1989,M9W,P,0.014248481483833498,1.0449078794786342,0.013285625062142809
1990,N0A,C,0.029342436526007206,0.5779391925582874,0.7530033066297127
1991,N0A,P,0.0032188647114508957,1.2085683129514868,0.04625954314351794
1992,N0B,C,0.05685149914952894,1.1260757837597635,0.5540864229492595
1993,N0B,P,0.01656170326767192,1.157474242316971,0.006655834674260705
1994,N0C,C,0.04575041293684564,0.8823949980100256,0.5206781275409627
1995,N0C,P,0.01772352480765215,1.1413708411237014,0.005621189044219515
1996,N0E,C,0.08653395937792206,1.0975579164254214,0.41232769785412465
1997,N0E,P,0.011913267128486657,1.1711220376633547,0.00525237343583535
1998,N0G,C,0.027435997253611687,0.6006269333269104,0.6153515464669719
1999,N0G,P,0.015685914768317034,1.1557757677905327,0.0034453847772044823
2000,N0H,C,0.080933637984289,1.116488148324533,0.5054852750335938
2001,N0H,P,0.01719417605790101,1.160808604705223,0.005892531163924905
2002,N0J,C,0.11011686524678103,1.0212848476698675,0.2745213225788104
2003,N0J,P,0.01044801451123735,1.148000222679276,0.007387259766792804
2004,N0K,C,0.08790691018641215,1.1126487231505302,0.22067628261065883
2005,N0K,P,0.018092070379887023,1.1532111078154885,0.0024550558633000714
2006,N0L,C,0.0922125373552406,1.1019236813513127,0.43856417603044395
2007,N0L,P,0.00953345862364658,1.1572896556875287,0.006823581511264402
2008,N0M,C,0.07061837050908536,1.1522119673340085,0.3118457407914595
2009,N0M,P,0.013055765058545925,1.1694896713990548,0.005114105561505469
2010,N0N,C,0.09295400222983011,0.8393761341261686,0.6809683129212522
2011,N0N,P,0.007137478861167543,1.1581015982653255,0.022300751335443434
2012,N0P,C,0.0584123985983849,0.9481986691584856,0.543997057028229
2013,N0P,P,0.005356667705972376,1.151013068741537,0.1066762503102707
2014,N0R,C,0.07207361958333458,1.084798258402083,0.6812381578494969
2015,N0R,P,0.006510161490503246,1.1486947447074876,0.01808435939715251
2016,N1A,C,0.059699033211590924,1.213114328887162,0.4632264458670243
2017,N1A,P,0.001947241627932668,1.2159944963777374,0.13192848707601612
2018,N1C,C,0.040587847831359145,1.7999815748246448,0.8388588548382434
2019,N1C,P,0.028390325979041908,1.1743592102386164,0.011288712547886725
2020,N1E,C,0.0649379182857721,1.1833084706437538,0.8599745541407725
2021,N1E,P,0.022088651566233058,1.1429785005581368,0.007760752182779576
2022,N1G,C,0.04836826219072797,0.8555953313705053,0.8912856086527422
2023,N1G,P,0.011275493260166417,0.7969418710039523,0.015689840836557098
2024,N1H,C,0.04904836296004972,1.0377635185366496,0.8619835939184854
2025,N1H,P,0.014412196820526788,0.9720038484621446,0.009097489237925551
2026,N1K,C,0.019057855612233596,0.5189631823355174,0.9762403031657304
2027,N1K,P,0.01607390642776763,0.5663130415982411,0.02938710951081287
2028,N1L,C,0.06861786401432499,0.9445887490863889,0.9161250794874826
2029,N1L,P,0.019843174757744806,1.2065251332353797,0.01356949581862426
2030,N1M,C,0.05957761638241521,1.1373203836809211,0.720406739957629
2031,N1M,P,0.015200509696495458,1.1647486096111292,0.005124280097636725
2032,N1P,C,0.08265975918188251,1.0681900682065335,0.7295246958672367
2033,N1P,P,0.015633746347621384,1.14964629136505,0.007314810754960098
2034,N1R,C,0.048824193525382836,1.0179295124728867,0.8502876829437093
2035,N1R,P,0.014248874883033273,1.0164791555028885,0.009957879016148594
2036,N1S,C,0.05214133476564963,1.1317790358070101,0.7862241957893216
2037,N1S,P,0.016306564230560597,1.1906230778849685,0.007894241069704905
2038,N1T,C,0.05832733609023969,1.1251988561910107,0.9057144025486289
2039,N1T,P,0.0204896523360931,1.1581033674953751,0.009821514906178762
2040,N2A,C,0.05015880076216959,1.129087086995829,0.7617944279427632
2041,N2A,P,0.020787683984308514,1.1210276351713198,0.006871310820870108
2042,N2B,C,0.05445390056073852,1.121860195811937,0.9244766061190394
2043,N2B,P,0.013289614872764073,0.6808346443919151,0.017093098129156322
2044,N2C,C,0.04966124437349897,1.0187290184212678,0.9059247705434894
2045,N2C,P,0.011251187264412682,0.723188091001282,0.022538133054033523
2046,N2E,C,0.05952865265105252,1.087963702734151,0.8465947525094644
2047,N2E,P,0.015957084142402492,1.008891533116305,0.013808702067729514
2048,N2G,C,0.04066420261743875,0.9315969189541714,0.8291122521350796
2049,N2G,P,0.013998625051305275,0.6725353877884489,0.03544120864574456
2050,N2H,C,0.054329097801859995,1.0553215637407092,0.8370510015557836
2051,N2H,P,0.006087429114898254,0.456373626216401,0.039421885343400895
2052,N2J,C,0.05369559669896748,0.9867739304860278,0.7895462817900508
2053,N2J,P,0.014700938104639256,0.8523602394359645,0.021110946351918656
2054,N2K,C,0.052624272483989355,1.227746391076267,0.8889701968175688
2055,N2K,P,0.025519775857319064,1.2001465069829014,0.00786971144287875
2056,N2L,C,0.043978761847272625,0.8784376182834528,0.928788688601603
2057,N2L,P,0.018910424381041756,0.8481090455231101,0.020303478343552804
2058,N2M,C,0.04425216806691892,0.9354591516718648,0.8787676379010042
2059,N2M,P,0.0136763764868371,0.7543388026532493,0.018002253826670016
2060,N2N,C,0.04225064432907602,0.7578636858719341,0.9415433350609416
2061,N2N,P,0.025060014427638454,1.1796710708775666,0.008399748953285031
2062,N2P,C,0.04909834345929131,1.0485081859226082,0.9017842164095017
2063,N2P,P,0.013446939167189618,0.8456034163572739,0.017174599831167352
2064,N2R,C,0.052218943276219114,1.1490946317493709,0.8939073995559833
2065,N2R,P,0.017616114888985356,1.1810405336116703,0.013662660470677063
2066,N2T,C,0.05564444048413202,1.0543651981855446,0.9577164201606903
2067,N2T,P,0.024363723473828338,1.2000886158002295,0.009255580741968292
2068,N2V,C,0.06800313159131728,1.2434993341764695,0.8692346249091226
2069,N2V,P,0.018631311562524858,1.1582129587135435,0.010766521963152054
2070,N2Z,C,0.054705104010370785,1.1368361714690818,0.49234531955046507
2071,N2Z,P,0.012663543828109131,1.0551238969229018,0.002774022406597341
2072,N3A,C,0.04995794413861118,1.3079266522414639,0.5476493222631489
2073,N3A,P,0.011522279710973875,1.163851557409113,0.007899289283297892
2074,N3B,C,0.05766441150751265,1.249890181459724,0.7444252513469324
2075,N3B,P,0.017841100129814182,1.2130631340595441,0.005972351439505248
2076,N3C,C,0.05759744184303461,1.157572593432455,0.8026851005236406
2077,N3C,P,0.017994022016580572,1.1764948458048532,0.00807895408928971
2078,N3E,C,0.026355725440723683,0.7455189214035354,0.6789942313048362
2079,N3E,P,0.02312593740333651,1.1475914425550022,0.018928958592226937
2080,N3H,C,0.04156839149923517,0.7493762964739942,1.0
2081,N3H,P,0.020280448538905916,1.1399024047247468,0.007309787325793952
2082,N3L,C,0.08326987230047235,1.0872767226110722,0.6239758478974109
2083,N3L,P,0.01646166122554228,1.183658632988829,0.00960656485692505
2084,N3P,C,0.06820764933533052,1.1968906176497582,0.8812771092373406
2085,N3P,P,0.025619939533393584,1.1860373149602645,0.005099485964452337
2086,N3R,C,0.05077703423727188,1.2309822794505878,0.8420933624785452
2087,N3R,P,0.02124428545694022,1.1906129382344508,0.004934118191216305
2088,N3S,C,0.045741637442293044,1.0259882983211397,0.7979361111884987
2089,N3S,P,0.014861635586891577,1.1492973110885472,0.009312752582415757
2090,N3T,C,0.04362657477091177,0.9380069515432193,0.770294372648908
2091,N3T,P,0.017457422006437528,1.1356610836938938,0.011303438463909035
2092,N3V,C,0.014013190721601043,0.859458446750602,0.910499553335726
2093,N3V,P,0.011260694579569746,1.1473247782457001,0.010864488960455977
2094,N3W,C,0.038514568777481197,0.8876272020019691,0.7636117667320206
2095,N3W,P,0.007578356598049677,1.195549276014577,0.017521762759722826
2096,N3Y,C,0.06894256054566604,1.1435523720402927,0.6928076491963366
2097,N3Y,P,0.00424758280860703,1.2391515937730246,0.021800513078428677
2098,N4B,C,0.08222713341403319,1.1028359274039494,0.6259323763256411
2099,N4B,P,0.012180204110163568,1.1806715539630934,0.00470242785264683
2100,N4G,C,0.07834716205640425,1.139433874198511,0.6781072154422968
2101,N4G,P,0.012169127449179955,1.2018109570327122,0.007164114597251947
2102,N4K,C,0.05659521055726105,1.097332409375553,0.6871003391201158
2103,N4K,P,0.010937778262540708,1.1806150054868012,0.007579832707653437
2104,N4L,C,0.05126124949628775,1.1553036483690073,0.5600449215290954
2105,N4L,P,0.01429413279921307,1.1548193883689606,0.006079773700819787
2106,N4N,C,0.07845878205844031,0.9630225877026427,0.5550384252720355
2107,N4N,P,0.00785630311107189,1.1469729073214414,0.003902821406332845
2108,N4S,C,0.04139284262171166,0.8326822549625202,0.7369181651545725
2109,N4S,P,0.01300725928710815,1.0910270867444058,0.006835888584078691
2110,N4T,C,0.056371265863485356,1.0527632871694208,0.705863112141891
2111,N4T,P,0.027287255459185925,1.2182299474055411,0.00880908866922883
2112,N4V,C,0.07578698790961055,1.0162914493015582,0.9332153408860456
2113,N4V,P,0.05335370896011436,1.312689088964515,0.009286586423013846
2114,N4W,C,0.07348263781378156,1.1823753037605174,0.43647606971973496
2115,N4W,P,0.019331238618046854,1.1920035376991525,0.008083630296022094
2116,N4X,C,0.05866507096292383,0.9591059882563469,0.5256642554521676
2117,N4X,P,0.006427197595659069,1.1374991700787171,0.005110567416822537
2118,N4Z,C,0.02803009167298053,0.9723236493515046,0.952996986051456
2119,N4Z,P,0.03527634125848168,1.3175117838291468,0.00451877628448277
2120,N5A,C,0.053916894296912383,1.1017887537238682,0.650563105766888
2121,N5A,P,0.013552182046431565,1.0744934045987344,0.004181890973895863
2122,N5C,C,0.04294380752009126,0.6807409292826287,0.7815173743150993
2123,N5C,P,0.014246243254914305,1.184693093231682,0.007808335667612748
2124,N5H,C,0.06200021260908864,1.183087700284415,0.5666879416118058
2125,N5H,P,0.014025550787645776,1.1709516428163833,0.00806166273825776
2126,N5L,C,0.061613820421137354,1.2149556939229011,0.4572960003852064
2127,N5L,P,0.013519842725625847,1.166625403526779,0.012813297780553914
2128,N5P,C,0.06618164898571549,0.8410480609044959,0.7775477899922492
2129,N5P,P,0.014161893822909812,1.159843719432577,0.007238665527767113
2130,N5R,C,0.05747558864895748,1.0838812810115614,0.8534967801067876
2131,N5R,P,0.01224849963069913,1.1669784029093138,0.008872998940407068
2132,N5V,C,0.057627011914549525,1.0422842160324508,0.8978765315722046
2133,N5V,P,0.019113716970269864,1.0413185502202582,0.014698177019862734
2134,N5W,C,0.050065789234397515,1.2032978276274766,0.8019060397561851
2135,N5W,P,0.019968800603044727,1.1784399328089197,0.011005750604221966
2136,N5X,C,0.053351787753333796,0.9148842165734795,0.8678038123010372
2137,N5X,P,0.011221692956724143,0.8656460171744039,0.0085847276956563
2138,N5Y,C,0.05917081327350818,0.9920969990708566,0.8971676681693276
2139,N5Y,P,0.018824525318505134,0.9876420775224841,0.013300943123887162
2140,N5Z,C,0.05128982091182642,1.0157778795819248,0.7962108358351627
2141,N5Z,P,0.019311670732206413,1.191319806230561,0.010558412516072495
2142,N6A,C,0.06548498596994755,1.0440513990183307,0.8941549472352023
2143,N6A,P,0.015242625534367291,0.7881850482453641,0.02333389340725952
2144,N6B,C,0.0556832930663889,0.9896569552737298,0.8134943720064901
2145,N6B,P,0.015641427268854636,0.7965882818118266,0.028995944874661256
2146,N6C,C,0.0485840117801512,1.06396496278875,0.8533323847254066
2147,N6C,P,0.015602254490173356,1.1947185841478811,0.008700430616814562
2148,N6E,C,0.05865053421251991,1.0950854119327003,0.9054526978009072
2149,N6E,P,0.02149817892095345,1.1874732697988588,0.00851116900640857
2150,N6G,C,0.046761501128966675,0.7829114003388367,0.8876929322075932
2151,N6G,P,0.012923782857129345,0.9882581334841596,0.011585091153498187
2152,N6H,C,0.05273908778735725,1.1196007438499798,0.9307808565215241
2153,N6H,P,0.01594841541010002,1.0359589750026736,0.010931202390435511
2154,N6J,C,0.05438860072607617,1.049380210502837,0.9021783085906637
2155,N6J,P,0.020723791136615613,1.221581224452181,0.010162030190181076
2156,N6K,C,0.05703020504483867,1.076454599220734,0.9323744790089751
2157,N6K,P,0.01621625158169822,1.1661749998972648,0.007697173660376748
2158,N6L,C,0.09766276998727824,1.1044145003402095,0.8159198441001767
2159,N6L,P,0.01774564304504551,1.1228906624616533,0.019817795407877616
2160,N6M,C,0.03708391893995059,0.9938420106180118,0.9348095784994208
2161,N6M,P,0.020334662605077294,1.1702934495192119,0.010721780187712126
2162,N6N,C,0.059671382763950294,1.052061207908516,0.8749143856595706
2163,N6N,P,0.011082188643271451,1.1805270113839659,0.008378048773688737
2164,N6P,C,0.05206824315291894,1.0783896180198587,0.7772624384813906
2165,N6P,P,0.014779681147649461,1.1695526251462214,0.007826645500419135
2166,N7A,C,0.04749988606741785,0.9689023850442672,0.575433996856249
2167,N7A,P,0.022976436204678197,1.1792927296495088,0.003122748249057419
2168,N7G,C,0.06353521727657606,1.0701146382717739,0.5865824639696094
2169,N7G,P,0.013490380894266813,1.1713137946386372,0.00669925634092814
2170,N7L,C,0.04259983175623494,0.984898573884498,0.845995348259015
2171,N7L,P,0.007476926826066054,1.1538071369762286,0.05968393125205601
2172,N7M,C,0.054886215625238585,0.9495680813456586,0.7505864700638448
2173,N7M,P,0.0061881406626754076,1.1509439650172262,0.06812005372199222
2174,N7S,C,0.07028108964262303,0.9952741232943257,0.8584873728338555
2175,N7S,P,0.00809753314569468,1.1375108705917831,0.019407222291356968
2176,N7T,C,0.04238410529144108,0.6814704663902493,0.6914973546086112
2177,N7T,P,0.007877311750070653,1.1596598485901821,0.02742767215057474
2178,N7V,C,0.05475750863908145,1.0362043332941357,0.787475097640838
2179,N7V,P,0.007069304467777971,1.1499525654229998,0.024630336496029484
2180,N7W,C,0.028586783107551313,0.8987980777057685,0.8366839460674089
2181,N7W,P,0.007847601238824286,1.1648566002454275,0.013073885621827016
2182,N7X,C,0.011265542598563032,0.8908110916572778,0.737795081989552
2183,N7X,P,0.004563100035092367,1.1594405066045108,0.010538404463617862
2184,N8A,C,0.06728352820190746,0.9335547170553259,0.7138383957892084
2185,N8A,P,0.006103640604544451,1.150205575977667,0.20204990998307165
2186,N8H,C,0.0625785480892619,1.1648997952063016,0.7768816493979461
2187,N8H,P,0.006719677362838267,1.1559821671265285,0.029712858685268236
2188,N8M,C,0.06762568848690467,1.4495285340654969,0.7184606462722225
2189,N8M,P,0.013674060192143619,1.146326023658443,0.006368121225539831
2190,N8N,C,0.022690172681434986,0.7874656113482628,0.9353669660329479
2191,N8N,P,0.012436770040809226,1.1530238746069996,0.011164132890347556
2192,N8P,C,0.06135850603179783,0.934590655768762,0.8808430004025105
2193,N8P,P,0.014866189839089688,1.172469190990846,0.0130315462520646
2194,N8R,C,0.0474158832161882,1.4198738601555256,0.947210779935872
2195,N8R,P,0.016610553545714557,1.158358905055639,0.010203180004919056
2196,N8S,C,0.03441597648407991,0.6748766549285663,0.9565664772634858
2197,N8S,P,0.012955970063399125,0.9944799569819086,0.01650136315788186
2198,N8T,C,0.06180286436293967,0.8764488676592945,0.957098823392978
2199,N8T,P,0.011207183797791204,0.8580309410042387,0.018642926880587957
2200,N8V,C,0.04572791754254948,1.088867186509771,0.9104042417762626
2201,N8V,P,,,
2202,N8W,C,0.045556168480734426,1.0189286430726388,0.9125791425726076
2203,N8W,P,0.015809600323379643,1.1564226367788624,0.014735816469803861
2204,N8X,C,0.053385994511257986,1.0554219281327846,0.8699052627433321
2205,N8X,P,0.012560292070160125,1.1275939020371268,0.01617703360140184
2206,N8Y,C,0.05343733633085859,0.7473323997933649,0.9342674564369967
2207,N8Y,P,0.010655044232321477,1.142827934350203,0.016504095702398948
2208,N9A,C,0.06104671857445515,1.3123753797860025,0.6969981102912387
2209,N9A,P,0.012344825430964743,1.1183454628629383,0.025301548099715382
2210,N9B,C,0.03961370568411777,0.6800662529164919,0.8831028630782256
2211,N9B,P,0.01594766897930563,1.1062732238529243,0.01997058220812588
2212,N9C,C,0.04728116328930053,0.8030186668522905,0.958958501117756
2213,N9C,P,0.018623335491732135,1.0801836127938063,0.02248768890747834
2214,N9E,C,0.038831980674326944,1.0643017392264493,0.9275012757722425
2215,N9E,P,0.011615224728411607,1.1324229888817767,0.010891085244835902
2216,N9G,C,0.045274058217689525,1.100201596395896,0.82232967681956
2217,N9G,P,0.012705959434335794,1.0702615277455692,0.01216547088263645
2218,N9H,C,0.06225758376115668,1.2022812321773606,0.8626749200323497
2219,N9H,P,0.014775052776488518,1.181452817149463,0.01118889951037276
2220,N9J,C,0.018721571360324853,1.3177161124300711,0.9458384993535699
2221,N9J,P,0.009989592850734858,1.1403275256568457,0.008714392812699255
2222,N9K,C,0.05938259386953995,1.250545629824759,0.9291919471743411
2223,N9K,P,0.012370216412504676,1.1641389796140598,0.01510968006469423
2224,N9V,C,0.09624143656599736,2.3683831808262714,0.7690514426281309
2225,N9V,P,0.01749953845595044,1.1694043374969547,0.010603371343080146
2226,N9Y,C,0.04634657041936728,1.2310329285667476,0.7705880219541144
2227,N9Y,P,0.009467365359957633,1.1477504673042658,0.012744063669668305
2228,P0A,C,0.08202640282911805,1.1403382456264235,0.6827481764357732
2229,P0A,P,0.02501443994058883,1.166852064465418,0.006476073647203755
2230,P0B,C,0.06955823990077438,1.2042427854825695,0.69434919524481
2231,P0B,P,0.020318715222347634,1.197745300810418,0.006452985335922377
2232,P0C,C,0.049825306060882944,0.9701953703334555,0.7997440224106287
2233,P0C,P,0.02115544664084854,1.1927111269283222,0.00693499038769552
2234,P0E,C,0.058923130172779906,1.02115828260932,0.6677502268461475
2235,P0E,P,0.020419968477268558,1.1615468643248417,0.008189179355092117
2236,P0G,C,0.06534648093207117,1.0503987725726107,0.718049993962619
2237,P0G,P,0.017176111436421622,1.1455186237727564,0.006419595590592298
2238,P0H,C,0.05016321688006005,0.6910894752391106,0.7563404109574594
2239,P0H,P,0.012028282903024538,1.137081614507566,0.006210462612538963
2240,P0J,C,0.08130330561228405,0.9813160828732599,0.5773743586318335
2241,P0J,P,0.010116887003410471,1.1448423996575083,0.010079885923433871
2242,P0K,C,0.04957788535973878,1.1437541702271816,0.7435713290014186
2243,P0K,P,0.013266503106352278,1.1517534968839118,0.015334043247034402
2244,P0L,C,0.033347370468255,0.5390543864089441,0.935003629634893
2245,P0L,P,0.007380427452858797,1.1375797526296534,0.02356767011892521
2246,P0M,C,0.04465835985103089,0.8852243067973444,0.9053682209112737
2247,P0M,P,0.016461397232960057,1.1185462749774082,0.01086878297291864
2248,P0N,C,0.06629574926439581,1.0471632402169881,0.9457462706622628
2249,P0N,P,0.006764935477397919,1.0823720851863463,0.011733737434340166
2250,P0P,C,0.0964583711824828,0.9058891190933837,0.8085944557105074
2251,P0P,P,0.017258383786834922,1.144721203545347,0.008406027741034038
2252,P0R,C,0.054240967011802824,0.8757371964908119,0.8417100080409208
2253,P0R,P,0.015233059482223674,1.1390644910132148,0.005798591685937754
2254,P0S,C,0.03392845097174422,0.7995447322366106,0.8919590761895214
2255,P0S,P,0.015063407223121557,1.1071786824521765,0.0067458216926217255
2256,P0T,C,0.04355128933156698,0.7741015370321677,0.9419313916833736
2257,P0T,P,0.018596171373686413,1.1449366331614519,0.006790610177978725
2258,P0V,C,0.0581456350030168,0.9094824279545348,0.9515574444500386
2259,P0V,P,0.010500677040004073,1.0615495276319578,0.003910452030028896
2260,P0W,C,0.06656877468710894,1.0788162956633078,0.8525746271711996
2261,P0W,P,0.004549383732062405,1.1202331679954034,0.005639601261895535
2262,P0X,C,0.048603414834781984,0.7266730398137643,0.8386183450267908
2263,P0X,P,0.009543803963308343,1.0720450364928245,0.0020645713511962876
2264,P0Y,C,0.0010273803256293298,0.10822624785068165,0.9889360762629574
2265,P0Y,P,,,
2266,P1A,C,0.04585353915672656,1.0477442226883777,0.8829228992765198
2267,P1A,P,0.013141681214891919,1.1387602080687944,0.013780008670682495
2268,P1B,C,0.05051686212450844,1.1224580052703914,0.8616326506385972
2269,P1B,P,0.009526774065768816,1.1345581659879376,0.010854443109685199
2270,P1C,C,0.05753222037859761,0.948968482067177,0.7122919749543598
2271,P1C,P,0.02160071749781665,1.1751922345551948,0.008332771005805652
2272,P1H,C,0.043450534397361844,0.9204168494607902,0.8805639094625917
2273,P1H,P,0.021958323751781205,1.1947944560779138,0.016448661475528845
2274,P1L,C,0.06631378339781245,1.0784600298720697,0.8254690023220166
2275,P1L,P,0.015527347846845795,1.1536424709304252,0.005869308168035215
2276,P1P,C,0.0594323513864936,1.3808020826304985,0.8215582640368083
2277,P1P,P,0.009856714533653494,1.142923401155192,0.006676340958747238
2278,P2A,C,0.061796794660768914,1.1710931056903595,0.7713364139011164
2279,P2A,P,0.01514401546066937,1.1309308188083962,0.0065550931112753836
2280,P2B,C,0.06963471914966789,1.1100241405806806,0.8063397648984315
2281,P2B,P,0.015080357266451088,1.1299252917668248,0.008491969802831538
2282,P2N,C,0.054348823866156595,0.9290323640583315,0.8384271535528982
2283,P2N,P,0.015987818132575465,1.0446081708482187,0.005749897087020023
2284,P3A,C,0.05502830148524644,1.1910237581408758,0.8897872727115866
2285,P3A,P,0.018334429869499312,1.1237428204349225,0.012446950575668952
2286,P3B,C,0.047376215868694095,1.053701830833768,0.8852357337512832
2287,P3B,P,0.019710523248724413,1.1671709926920018,0.02065187286828279
2288,P3C,C,0.05223203899219404,1.0548891313161155,0.8933730379510197
2289,P3C,P,0.019380647244995025,1.1319385436748317,0.02076552469607464
2290,P3E,C,0.06023163483212065,1.042058967260492,0.951121698057145
2291,P3E,P,0.02829794570152594,1.0674780104953905,0.011906800970825518
2292,P3G,C,0.04002298651594627,1.0292231469760798,0.8997111367378753
2293,P3G,P,0.025200055091655536,1.1586046396741525,0.007464585958616983
2294,P3L,C,0.009421003141135531,0.32250503805609465,0.6275652615445125
2295,P3L,P,0.01490259439606089,1.155727868986249,0.012182484336028154
2296,P3N,C,0.08392207384517486,1.1793432142279716,0.8734380171928082
2297,P3N,P,0.016037543883826548,1.1572897338773813,0.008834914597176991
2298,P3P,C,0.0787249671764875,1.175578605980736,0.859974499029636
2299,P3P,P,0.01214384283726471,1.1412479059085663,0.011767653553987399
2300,P3Y,C,0.07206577557705528,1.2164923510719152,0.9858546395002713
2301,P3Y,P,0.015021739468972842,1.1479241933064674,0.010752644517357942
2302,P4N,C,0.05087685142050462,1.0035848037075599,0.9115773882643601
2303,P4N,P,0.020356003203983068,1.132070536665529,0.007813485438558117
2304,P4P,C,0.051101737656412544,1.1067342597402638,0.6303316292212239
2305,P4P,P,0.031349410628037144,1.173102640929532,0.010002490123122872
2306,P4R,C,0.05917655601178053,1.107720326621663,0.9392472603244425
2307,P4R,P,0.020806570588137806,1.1103836793454929,0.009554806750292905
2308,P5A,C,0.05229394124930789,0.9412960809731682,0.9063445667528485
2309,P5A,P,0.009806679674184072,1.1409422440145947,0.01112450230272234
2310,P5E,C,0.07033121434364784,1.2112547830523237,0.8670034603376373
2311,P5E,P,0.013930026064942919,1.0921496887728068,0.007410833682548425
2312,P5N,C,0.01280214632250381,0.30194233801009823,0.9596314750115251
2313,P5N,P,0.00708194657587516,1.108529192532944,0.007954357946264898
2314,P6A,C,0.026840307564650112,0.5369161687406232,0.9489485535101996
2315,P6A,P,0.010883555029960938,1.101277648124892,0.007153496611607558
2316,P6B,C,0.05580648066128654,1.142704149705879,0.9162879284460808
2317,P6B,P,0.017702910200333224,1.0945528447766946,0.006993554422898224
2318,P6C,C,0.10223958925373317,0.42289392978303564,0.9358962186181539
2319,P6C,P,0.012843221342698406,1.113153837632181,0.008703616939041777
2320,P7A,C,0.05201592147886574,0.9340178692053832,0.8994931153186201
2321,P7A,P,0.012865096188541841,1.1567316069192823,0.007237332760305959
2322,P7B,C,0.04971386315214838,0.9642058500673145,0.8415084168667926
2323,P7B,P,0.011633702577568841,0.9937148965802519,0.009948103823760247
2324,P7C,C,0.04465008258476054,0.9579112442925126,0.881851559301546
2325,P7C,P,0.012245717090307666,1.1017221886607225,0.008512452976379517
2326,P7E,C,0.05935178216157901,0.9438267722810653,0.86573071119266
2327,P7E,P,0.014370637135805686,1.1532592117048062,0.0096673244345764
2328,P7G,C,0.07414313205713881,0.9640955576515684,0.6239666772379218
2329,P7G,P,0.012883439406581917,1.159484509438582,0.005653243271229092
2330,P7J,C,0.0735151609932893,0.782938735760118,0.8129489671915546
2331,P7J,P,0.007046130346916394,1.1873920388925014,0.004342218001286747
2332,P7K,C,0.07143010212344583,1.0116872339148952,0.7314187971142397
2333,P7K,P,0.010787991921484684,1.1595398626754183,0.008035514631029172
2334,P7L,C,0.09308875391563226,1.1000511920196407,0.3323426784384356
2335,P7L,P,0.015358933944254463,1.181335002068138,0.008879791927529846
2336,P8N,C,0.06866568609670962,1.0382022845148022,0.8039285857969929
2337,P8N,P,0.0059951796030678585,1.1046152103721538,0.004440336919990505
2338,P8T,C,0.055718706909494646,1.0663785004276018,0.8188321363247784
2339,P8T,P,0.03149681614971722,1.2614840998787888,0.0026186432212671478
2340,P9A,C,0.06377090133865228,1.1910924913712981,0.8812932160886506
2341,P9A,P,0.0031248094253211157,1.165395439553062,0.0035496653673227087
2342,P9N,C,0.0697494784216868,1.0758314495037453,0.856445471694473
2343,P9N,P,0.009118523701382287,1.129496880343875,0.002654130847763128
2344,R0A,C,0.05732924940330665,1.031094569134317,0.5339773242915139
2345,R0A,P,0.007919273885464498,1.077236668024867,0.005053866295878727
2346,R0B,C,0.06601387393610447,0.8573171156553998,0.7750043773938019
2347,R0B,P,0.016529854000300884,1.019704415962991,0.005841393592651876
2348,R0C,C,0.07910788073165706,1.0151261541393637,0.49581268905840525
2349,R0C,P,0.013929684925941302,1.1222296280687263,0.0027582374337850484
2350,R0E,C,0.06563754009888019,0.9803088776172754,0.7329572537848482
2351,R0E,P,0.011540154293868638,1.1025475060872898,0.003917726770349528
2352,R0G,C,0.06471047313500428,1.0640784576461468,0.6425900428483337
2353,R0G,P,0.011814259111978828,1.098350243741915,0.0020609363896073483
2354,R0H,C,0.058834733683684484,1.0151171718520882,0.7477364011780444
2355,R0H,P,0.003986450650270561,1.06991150878922,0.004929268173839371
2356,R0J,C,0.04537244525783518,1.1361870896694701,0.6244047485720126
2357,R0J,P,0.016158535327596365,1.117322728417731,0.0019275518193672232
2358,R0K,C,0.048609675537329027,1.0084912274513431,0.5073953697068302
2359,R0K,P,0.021631163829114373,1.0954210543705543,0.0005702789590759018
2360,R0L,C,0.0692124429278954,0.9232909872814165,0.6239228052478754
2361,R0L,P,0.01752744823643211,1.1451688777053508,0.003109087101219775
2362,R0M,C,0.08030932965094434,1.012891304573687,0.5680724572865755
2363,R0M,P,0.008214431211084864,1.1249921337096396,0.0013638945742017478
2364,R1A,C,0.06872202420188056,0.9993840589862063,0.688318213338955
2365,R1A,P,0.009618880491996336,1.1102796737115557,0.003056168518632923
2366,R1B,C,0.03236553201174614,0.9772630097111079,0.933837082094728
2367,R1B,P,0.013112782200983561,1.43780327144482,0.003314371615045537
2368,R1C,C,0.07395730163895246,0.9539764171505614,0.5853643987942861
2369,R1C,P,0.0134828035808042,1.0919064987648646,0.002036642761712757
2370,R1N,C,0.04424312816238767,1.023733882231228,0.7946088688708368
2371,R1N,P,0.013755463541624264,1.1334659453158755,0.004630600395980169
2372,R2C,C,0.05745244821992708,1.2508709489428183,0.7507962159664061
2373,R2C,P,0.021409864697283853,1.1871167106736613,0.0020737775953312432
2374,R2E,C,0.05438002477055852,1.256138156394664,0.7705094118510137
2375,R2E,P,0.0022781860105500337,1.0820018555830773,0.0025526231812884157
2376,R2G,C,0.04536331604692331,1.0369218467450796,0.7911214614406491
2377,R2G,P,0.014818504881391924,1.0962324979414892,0.0033376293756427334
2378,R2H,C,0.0378568824891425,0.9286340271282336,0.8344954920074545
2379,R2H,P,0.015865430802326764,1.132344514757151,0.011080818000415936
2380,R2J,C,0.10268153484664673,1.031152274734544,0.7426911948393358
2381,R2J,P,0.012803546225301008,1.1526972911523738,0.0028706651592130704
2382,R2K,C,0.039280355321535024,1.0397142274286604,0.7430578992914485
2383,R2K,P,0.013380060796352532,1.1723071129857479,0.002444297798074421
2384,R2L,C,0.04894077540403068,1.0387897202102239,0.7560975776762948
2385,R2L,P,0.011646753245911747,1.126878553984111,0.003340703659580917
2386,R2M,C,0.05643029653453811,1.0896729459689718,0.7838265082772394
2387,R2M,P,0.015354142464275798,1.1798972700558281,0.004143058095795765
2388,R2N,C,0.03500773869704649,1.0270577258098987,0.7427568116855597
2389,R2N,P,0.018223928619978402,1.1693232126162387,0.004244091758660282
2390,R2P,C,0.05030781130867301,1.0485129558385056,0.8081741228039225
2391,R2P,P,0.01791977869952982,0.9016394366977829,0.0017295322213304058
2392,R2R,C,0.04490699311681447,1.0122971743781681,0.7755540982638349
2393,R2R,P,0.025214950663080337,1.1629790664935193,0.0020048470329023156
2394,R2V,C,0.03878777606275503,0.974463109075629,0.7632682794058627
2395,R2V,P,0.020462935173674802,1.1830873372272899,0.0022338490523851305
2396,R2W,C,0.04620888345667086,0.9011975819680713,0.7146110728874664
2397,R2W,P,0.006924172885915049,1.1024323496845019,0.006947811362798439
2398,R2X,C,0.04928793825089988,1.1321732426666842,0.7807152868220606
2399,R2X,P,0.03864447845551634,1.3172820243993588,0.003972161244328451
2400,R2Y,C,0.07003727185773939,0.9251380164089313,0.8197246286843707
2401,R2Y,P,0.014920608012657512,0.9381305161711505,0.003392246146348523
2402,R3A,C,0.043878380138694564,0.9012127220143344,0.8344179831071521
2403,R3A,P,0.013379179967435668,1.1639849903714734,0.016545049282061457
2404,R3B,C,0.048767742722063204,0.9881846739236626,0.8242874502081967
2405,R3B,P,0.016086007493433353,1.0195258806985203,0.02208897121579742
2406,R3C,C,0.0383999257683359,0.9393606594420922,0.7641281962466686
2407,R3C,P,0.033866897703748546,1.2812940950953757,0.027916625095452043
2408,R3E,C,0.0521108897421557,0.9660629954742815,0.7701663916171645
2409,R3E,P,0.011287025749223951,1.1071219970139219,0.003454745230337683
2410,R3G,C,0.050052451671729635,1.0949968216956776,0.8529755603234093
2411,R3G,P,0.010318617024404095,1.1585841767393625,0.007359912170500206
2412,R3H,C,0.03668735898313826,1.1146377505688736,0.6107932311726753
2413,R3H,P,,,
2414,R3J,C,0.055429737239613586,1.0399435279731215,0.6517352949008118
2415,R3J,P,0.007853529225925736,1.1328416973883861,0.004580566003933542
2416,R3K,C,0.057155259983220845,1.1097854472014836,0.6693059643005147
2417,R3K,P,0.011599414625306156,1.1400968330829808,0.003064432261911158
2418,R3L,C,0.04537450513702138,1.0530814627103275,0.8990056281437576
2419,R3L,P,0.014283461851889372,1.2118260023924028,0.011483368515422244
2420,R3M,C,0.052698913235294964,1.1368284230986592,0.8874638344362804
2421,R3M,P,0.029730012946132485,1.2767038462183933,0.006424321292852128
2422,R3N,C,0.053154046511717096,1.1552417767033667,0.8995912419058292
2423,R3N,P,0.020046753446109813,1.2282480414319932,0.006471795389026022
2424,R3P,C,0.09607592523005389,1.1629616588097589,0.7493088802288318
2425,R3P,P,0.010201797706897199,1.098293203791153,0.006864647533743497
2426,R3R,C,0.05318322462159683,1.0011445471678277,0.8148230697750773
2427,R3R,P,0.01701092768202658,1.1788255374189578,0.00624013844356936
2428,R3S,C,0.03389393272185533,0.7296948388948848,0.9433025461822895
2429,R3S,P,,,
2430,R3T,C,0.044999767955178537,1.0788091820580077,0.7078558437924418
2431,R3T,P,0.013059761494925236,1.0345727197681913,0.007533257329980122
2432,R3V,C,0.05137057740153635,1.0695223995818155,0.733490236716918
2433,R3V,P,0.0073750241303801,1.1235774190340437,0.006304644379897598
2434,R3W,C,0.051278270010504896,1.0450380015972975,0.7564078838203362
2435,R3W,P,0.034412471515402714,1.238568793003599,0.0033582275324595973
2436,R3X,C,0.046099170892785965,1.142675824414127,0.8500753745603228
2437,R3X,P,0.010469194391369398,1.1278320678503115,0.004386562655159069
2438,R3Y,C,0.06229695718037502,1.056267630344339,0.7027630527120295
2439,R3Y,P,0.009818224019273895,1.1187954680856287,0.01766135014640073
2440,R4A,C,0.03906461340526419,1.0488077874973118,0.7442274322801081
2441,R4A,P,0.009077577567409048,1.0973343653149132,0.008759152199233537
2442,R4G,C,0.07439671613152993,1.2368713807159486,0.9002827730822561
2443,R4G,P,0.029156290686995948,1.171803589989945,0.001960011281784937
2444,R4H,C,0.03432367984954409,0.9531886009845679,0.7930691530700004
2445,R4H,P,0.0020726790902666254,1.1059417523751878,0.002808237161502858
2446,R4J,C,0.14105555415503948,0.992171293570345,0.4485335877160167
2447,R4J,P,0.0026313865039495586,1.0210529512307278,0.003408749538713925
2448,R4K,C,0.07297652206347469,0.9575685720498774,0.09915978326052416
2449,R4K,P,0.007657304733319689,1.0306274157295265,0.004227494249507512
2450,R4L,C,0.061164029017714554,0.848886779923213,0.24104445947259007
2451,R4L,P,0.009564727847765098,1.0602554940403452,0.019435413124127138
2452,R5A,C,0.05750144272071233,1.0846043143644244,0.6317953007772577
2453,R5A,P,0.03435255732189257,1.1839827911670617,0.0031579952941624217
2454,R5G,C,0.045509157958252805,1.150891782839837,0.6108843543257242
2455,R5G,P,0.011982697554027538,1.119853756371733,0.004211226528515485
2456,R5H,C,0.07034440628533362,0.9107969555385429,0.5543139570781673
2457,R5H,P,0.004722851572143112,1.084407127152183,0.007608670582304315
2458,R6M,C,0.06434337408769254,1.1922789038085073,0.7118923095243697
2459,R6M,P,0.01403077699445197,1.969388214868238,0.00017374158496295423
2460,R6W,C,0.0812644669506438,1.1298654412884273,0.6666774759182711
2461,R6W,P,0.019024234569268144,1.2590804193451044,0.001879075434005181
2462,R7A,C,0.06433156405010965,1.0271078310775195,0.7093468779023853
2463,R7A,P,0.006437480879332197,0.9037494282009819,0.0024658198940112953
2464,R7B,C,0.044824047904599935,1.0518334524092956,0.6956349545298498
2465,R7B,P,0.012345587984355191,1.1817544078444822,0.0008399119386797171
2466,R7C,C,0.06044458825731352,1.369341377851631,0.6520733333289124
2467,R7C,P,0.015906828375384024,1.27272824586005,0.0002795545473542538
2468,R7N,C,0.06989385456970947,0.9563974122012622,0.5534403011001966
2469,R7N,P,0.029690084130294097,1.1986094440541841,0.000798375175472765
2470,R8A,C,0.09429527265934338,1.0313890035323858,0.6914478736850562
2471,R8A,P,0.018134117286697293,1.1966311634149458,0.002209369357795675
2472,R8N,C,0.05981357911759679,0.867701056737413,0.7256852612565005
2473,R8N,P,0.013114082123876934,1.1259263760793754,0.006883478002013748
2474,R9A,C,0.06586458076496274,0.8489346256643748,0.6257762225397083
2475,R9A,P,0.002507533641106247,1.1297664385114445,0.0033155319029911333
2476,S0A,C,0.037494414395694266,0.8109594869580224,0.49303630539592924
2477,S0A,P,0.002426297893516003,1.187309704154726,0.03835477997974886
2478,S0C,C,0.06083176547701834,0.9373646292939022,0.40520566252539436
2479,S0C,P,0.012383999207598589,1.1825454171785077,0.007493346302927341
2480,S0E,C,0.0380422336248437,0.9320942530438241,0.4486171329166639
2481,S0E,P,0.0018074779672624505,1.1929960901585848,0.11528386332957168
2482,S0G,C,0.03584548846222409,0.6590890241831215,0.5544883718510114
2483,S0G,P,0.0027986384581101245,1.191516064260763,0.020859235462084267
2484,S0H,C,0.031490503202239756,0.7720577105519695,0.4023325089235769
2485,S0H,P,0.0024426199035816137,1.1926445676287079,0.051806885375705214
2486,S0J,C,0.03994513889097289,0.7567825011874979,0.5698250859322118
2487,S0J,P,0.0032219414314051333,1.1628998299153939,0.05816514141142581
2488,S0K,C,0.03595550193345003,0.8412594947605299,0.5368770480420776
2489,S0K,P,0.002150598383041904,1.195359272536624,0.0919740776545539
2490,S0L,C,0.04280228011188776,0.8206202891616933,0.4305485340574263
2491,S0L,P,0.0024738663147913947,1.1981457957341832,0.0981798715191547
2492,S0M,C,0.06627647172451058,0.8272369922251994,0.5159579059317317
2493,S0M,P,0.0023713637014408633,1.173545010794192,0.09974775355246934
2494,S0N,C,0.08581034270607904,0.7788757586255476,0.4099010342585561
2495,S0N,P,0.0027107605490520373,1.1844712324826847,0.032015595713569996
2496,S0P,C,0.02764405335993369,1.175940289399424,0.7813800362222533
2497,S0P,P,0.002713194630337341,1.095534431794235,0.0121619632738425
2498,S2V,C,0.03805163874588868,0.8379000396027821,0.17166765431276332
2499,S2V,P,0.007899706102042704,1.2046409352373832,0.013930798927228642
2500,S3N,C,0.028458621467476856,1.2574712957092524,0.7016275470095948
2501,S3N,P,0.0034672037860443753,1.200506281717782,0.04465307073095523
2502,S4A,C,0.04053297669757558,0.9021766394798749,0.6137718320846562
2503,S4A,P,0.004357865850785199,1.1916620926022308,0.01974337712170178
2504,S4H,C,0.03832614175062142,0.9539489536461144,0.47455190729849983
2505,S4H,P,0.0040063134468713325,1.1973007617919438,0.012686840198201795
2506,S4L,C,0.043832397299214045,1.1119092319214054,0.6346222314212353
2507,S4L,P,0.004995771694908857,1.1936156673514662,0.01586490506574632
2508,S4M,C,0.027538232102187237,0.37937738477734306,0.517763030430997
2509,S4M,P,0.004946570930745774,1.2146741820406577,0.008388943498132814
2510,S4N,C,0.03313828497198217,0.9058702536130088,0.7707839907291231
2511,S4N,P,0.005317937646015027,1.1283386233810555,0.014407172714929261
2512,S4P,C,0.03540047846204957,0.9289518877338414,0.741682020306781
2513,S4P,P,0.009249185861650902,1.0444142734290778,0.016179468155085978
2514,S4R,C,0.03994517939160837,0.856890012258916,0.7888911351049773
2515,S4R,P,0.008302710688288579,1.1885580448655146,0.011222865703182507
2516,S4S,C,0.023660187262053746,0.9313295474953632,0.7884414610882479
2517,S4S,P,0.007955345093803277,1.0201969213797457,0.00971516349431696
2518,S4T,C,0.025156693103503536,0.8707920720652516,0.7543127092814019
2519,S4T,P,0.005975284029649866,1.1772206337029547,0.012545186483781135
2520,S4V,C,0.02513782105441705,0.993984304942636,0.7930378590300563
2521,S4V,P,0.009826831011126663,1.1769886461659917,0.011334716753350425
2522,S4W,C,0.040319484052420154,1.0894145224033134,0.7872671448070758
2523,S4W,P,0.01293811635300669,1.145227439971114,0.023130871119219982
2524,S4X,C,0.03156515213431558,0.9922317236964944,0.8292282631487781
2525,S4X,P,0.008262005015157248,1.1771680994793277,0.00889016661675938
2526,S4Y,C,0.049967986689772925,0.6615061501693178,0.9213700309558461
2527,S4Y,P,0.00962048493121198,1.1847986508596822,0.009908948716363816
2528,S4Z,C,0.0223732159844581,1.0945183429917427,0.8873618117557297
2529,S4Z,P,0.005725915795008434,1.1243313020077925,0.005059820176199119
2530,S6H,C,0.03712097682307061,0.9547169046905208,0.5936420661460442
2531,S6H,P,0.002480512875247389,1.197958054005215,0.04615323343954336
2532,S6J,C,0.037153393714962485,0.8868998988405703,0.7335219143647136
2533,S6J,P,0.001859122163707094,1.195763235867515,0.05709379746063687
2534,S6K,C,0.0066028163453757975,0.7151743609453475,0.7738167352186333
2535,S6K,P,0.0030829126075334794,1.1971029122676913,0.03810575184160586
2536,S6V,C,0.034830936115158806,0.9571052747839413,0.5866712478865209
2537,S6V,P,0.0021982633176662342,1.1905102676858281,0.07298945012047561
2538,S6W,C,0.023869032987357514,1.0498066527411503,0.6045220641013939
2539,S6W,P,0.00509896582982166,1.1734141830445477,0.03580796172431694
2540,S6X,C,0.01459010472833062,0.6508420144292076,0.6475141121087814
2541,S6X,P,0.004496287294224562,1.174954765788433,0.035846681699711495
2542,S7H,C,0.028253139426763222,1.0128182252569413,0.7217369337342989
2543,S7H,P,0.007568514390584278,1.1868525390476834,0.026256943273669772
2544,S7J,C,0.022831392473599797,0.9162600422409407,0.763541373314958
2545,S7J,P,0.004574846088420862,1.190546922322245,0.03532871908231779
2546,S7K,C,0.040315525280927536,1.0582192917868216,0.7129520243951926
2547,S7K,P,0.005353905056613008,1.1738932962383866,0.026473070377319288
2548,S7L,C,0.03664123220070845,0.9430964666073542,0.7060369789894846
2549,S7L,P,0.004195228708262941,1.191289129728817,0.04765086797049107
2550,S7M,C,0.04012022167157945,0.8010668201191077,0.734874962532018
2551,S7M,P,0.006122537551351652,1.152984089410974,0.03260049730016936
2552,S7N,C,0.03489279309794457,0.9392957278438332,0.7103812875540326
2553,S7N,P,0.006069183454472733,1.1226199592479171,0.027469556773573312
2554,S7P,C,0.04723522775921407,1.2283606141161802,0.7101466810855541
2555,S7P,P,0.004584212285056352,1.1011845891019985,0.06784194363500703
2556,S7R,C,0.03510669978161868,0.9302791263000125,0.8139856497036876
2557,S7R,P,0.006379115561731647,1.1799468902815147,0.0225618107661019
2558,S7S,C,0.027258774143694528,0.8843251294049159,0.8537162057223365
2559,S7S,P,0.009285319049539323,1.1533334609234156,0.0231499683805408
2560,S7T,C,0.025142932728493415,1.098083462606984,0.7496699235996799
2561,S7T,P,0.010269785853837553,1.1937232976561125,0.028481013925582794
2562,S7V,C,0.018835933542252454,0.9721130303628384,0.6992249014919676
2563,S7V,P,0.006421244174808132,1.1622692415881024,0.0333622595820333
2564,S7W,C,0.013378253343936879,0.8628414100783147,0.8515646975399151
2565,S7W,P,0.008838135011483955,1.1630161017347402,0.02066337056181374
2566,S9A,C,0.0405527397658974,0.8801104105456761,0.6006968642390382
2567,S9A,P,0.0020177696515466105,1.2022651739718093,0.13571443158902638
2568,S9H,C,0.0459726401953716,0.9232919734374425,0.4407681042508206
2569,S9H,P,0.0016984417922682668,1.1989507460593753,0.08118981118660784
2570,S9V,C,0.05733473217894536,0.761680738735937,0.7140604939549372
2571,S9V,P,0.003953279018153374,1.1923360989440608,0.04310218641065066
2572,S9X,C,0.0692494255198121,0.7798836969901346,0.5574726061784206
2573,S9X,P,0.0013639548956130066,1.2012999682704921,0.15009590650674207
2574,T0A,C,0.029796532377920886,0.4580789094568276,0.7303993493631457
2575,T0A,P,0.022791860907504045,1.1724936169195768,0.03286431150148998
2576,T0B,C,0.04179552934303547,0.7948314622079987,0.5377852810623919
2577,T0B,P,0.025277258592887236,1.1806129658713842,0.050507927497582025
2578,T0C,C,0.05077040633611076,0.802759564609948,0.6342219168111326
2579,T0C,P,0.026349158123906022,1.1933146056150838,0.06040145026692177
2580,T0E,C,0.04001146914269627,0.5818902450024636,0.7386207861480379
2581,T0E,P,0.024698880570816685,1.1795234430283286,0.04925790143786539
2582,T0G,C,0.060502324044406336,0.7495574646721419,0.6597101460957363
2583,T0G,P,0.02748928287761874,1.1893350032743941,0.03307581653808637
2584,T0H,C,0.051034390057561115,0.7840337393484732,0.6773855895393087
2585,T0H,P,0.027424729877311003,1.1865614500451926,0.04390690705010579
2586,T0J,C,0.049349859371575926,0.7109656886119391,0.6711208401075781
2587,T0J,P,0.022220876437011747,1.172579727780989,0.03843136624125019
2588,T0K,C,0.0434832471688229,0.8199870104357264,0.5799936665199209
2589,T0K,P,0.0263761290958347,1.1838716828019753,0.03766149639911986
2590,T0L,C,0.04070830036582649,0.6659860316746312,0.6967078634902341
2591,T0L,P,0.0243978600199859,1.1903056523721545,0.045194571102215274
2592,T0M,C,0.06023842635495372,0.8391486300441265,0.6413296165996849
2593,T0M,P,0.022814358274129278,1.174968788297391,0.06413898466830066
2594,T0P,C,0.016364545529348108,0.2203069087782112,0.998390647289319
2595,T0P,P,0.022612928489478948,1.1769708436461686,0.0462147001328365
2596,T0V,C,0.48696113992413365,0.775865216669167,1.0
2597,T0V,P,,,
2598,T1A,C,0.03316635347983701,0.612041425819436,0.8080475987687498
2599,T1A,P,0.020422617222905462,1.1843052526167692,0.03631716278348144
2600,T1B,C,0.06607426366279369,1.078262847575732,0.5899984039130832
2601,T1B,P,0.02303125150237593,1.1878017134373198,0.04853546568701394
2602,T1C,C,0.03457416273920986,0.9075978101592822,0.7918245085951441
2603,T1C,P,0.021630164245818203,1.187834574753069,0.039358906400844246
2604,T1G,C,0.05247419847689902,1.0356267421977519,0.62698134897206
2605,T1G,P,0.03083074728803949,1.2147568103433328,0.04766694425482797
2606,T1H,C,0.07800022901245661,1.0227118259719272,0.7994944112379286
2607,T1H,P,0.03178591174502074,1.2081470314980787,0.027932962674707483
2608,T1J,C,0.03311125331658457,0.7812055198758007,0.826013443296046
2609,T1J,P,0.022392152152870357,1.181110056954039,0.0438847855131364
2610,T1K,C,0.053949322587808254,0.771268063636024,0.609763393397844
2611,T1K,P,0.02845952735261695,1.1905977770712741,0.03546127899564218
2612,T1L,C,0.03577294596579025,1.0118479387278423,1.0
2613,T1L,P,0.022236499490581204,1.2112278041015123,0.03949378479034239
2614,T1M,C,0.03801220590290753,1.0481104443907598,0.6970447191986396
2615,T1M,P,0.03342439662064747,1.2067572201282657,0.024764208361249335
2616,T1P,C,0.05003036367885205,0.9901193742122185,0.8207890225308313
2617,T1P,P,0.016595586102277814,1.1688310504506434,0.04285735389754062
2618,T1R,C,0.051218491944553815,0.8696922638993207,0.7162779756292795
2619,T1R,P,0.0167010152806484,1.1520648356659164,0.016065277186846014
2620,T1S,C,0.0662738558086937,1.0833632534002315,0.6215020249823625
2621,T1S,P,0.018946840717656243,1.165202860504182,0.048156133921914944
2622,T1V,C,0.05429802678501621,0.9091176448549927,0.9306351807607941
2623,T1V,P,0.02365978800423629,1.1785064465456614,0.17431774042291234
2624,T1W,C,0.06266481411089024,0.9051611665639311,0.8971925031129332
2625,T1W,P,0.026562488227766377,1.2188349563132068,0.04948887071548533
2626,T1X,C,0.05642671038530117,0.9938019935929682,0.7999151263160275
2627,T1X,P,0.014738926959027617,1.1428992873886679,0.07527608353562391
2628,T1Y,C,0.03701374524548886,0.8094122876206326,0.8836261812956516
2629,T1Y,P,0.015813508477184195,1.1548799494377646,0.03118945744008264
2630,T1Z,C,0.042476434401686344,0.7925398283391928,0.9992464949483214
2631,T1Z,P,0.025022227778794297,1.2464876890031922,0.04934428819782553
2632,T2A,C,0.06223057141640779,1.2821355430167047,0.8590532480672596
2633,T2A,P,0.017994382714711737,1.1582684409743493,0.04360317755950608
2634,T2B,C,0.051595053965063906,1.141779130748995,0.8388083901766803
2635,T2B,P,0.015549788000768637,1.1477897975837827,0.04295428889065777
2636,T2C,C,0.06373069576636296,0.9886231978732813,0.9040775870499871
2637,T2C,P,0.017317446406459384,1.1699565107830743,0.03667943758961741
2638,T2E,C,0.04197062393790245,0.9188841350891422,0.8975379347461948
2639,T2E,P,0.020301141786666855,1.1755351763491195,0.03845421857727863
2640,T2G,C,0.046331717971421535,0.9029877519111007,0.9167066689631742
2641,T2G,P,0.022345237341433604,1.215632464595893,0.0512707155359099
2642,T2H,C,0.05543993074145455,1.3087384777408275,0.9866883992871412
2643,T2H,P,0.02157516600431522,1.235016413973628,0.02844386701060824
2644,T2J,C,0.06103124110474383,1.1466997301240216,0.866457862540028
2645,T2J,P,0.01951985337540136,1.1750534504614354,0.022227758354481437
2646,T2K,C,0.04293162231619592,1.0228670579081327,0.8369692025436145
2647,T2K,P,0.018038884397516445,1.156180236436105,0.03030561166724895
2648,T2L,C,0.03849231158378039,0.9306641518862887,1.0
2649,T2L,P,0.01820237226456429,1.1544685887900044,0.023008940640772035
2650,T2M,C,0.04280252262050814,0.8950978123964418,0.9349303085366866
2651,T2M,P,0.022335187809216058,1.161560826097269,0.044964938520612126
2652,T2N,C,0.02499151127578463,0.5208293967964289,0.9741068408711768
2653,T2N,P,0.01745316019209448,1.0859730685532138,0.02823802356013824
2654,T2P,C,0.037764708090309185,0.8433684291591053,0.9220355178444329
2655,T2P,P,0.029498997606521887,1.4131774921060536,0.052091405460113135
2656,T2R,C,0.04178228370101032,0.9240339259651426,0.9501128229284267
2657,T2R,P,0.016164409965001382,0.76821489449529,0.11616451830310956
2658,T2S,C,0.041824647727679846,1.0713298926619879,0.9876217073493841
2659,T2S,P,0.025077974106381788,1.2872695767104463,0.05295158342411486
2660,T2T,C,0.05195264997833198,1.046864695665434,0.8182288764166343
2661,T2T,P,0.022218861257059578,1.218645783696964,0.0323167571040061
2662,T2V,C,0.02816639182933148,0.7252262879498074,0.9433863823694719
2663,T2V,P,0.022732696764473752,1.2156323850482351,0.02242485242199995
2664,T2W,C,0.051098803112577154,1.001435623922866,0.6334453396185671
2665,T2W,P,0.016985740263157897,1.165410574367748,0.0239481141812372
2666,T2X,C,0.05320279431718849,1.0699694859391167,0.751727678998895
2667,T2X,P,0.021672406035318923,1.1900913752036488,0.033655294696851475
2668,T2Y,C,0.04437830575544001,0.9172704012800685,0.804353134925664
2669,T2Y,P,0.018585351923969953,1.163317964780649,0.03137373016709286
2670,T2Z,C,0.04340828114676357,1.149712252295656,0.9055843019378376
2671,T2Z,P,0.015813616530740655,1.1563172312935366,0.029849039778538616
2672,T3A,C,0.0501338374858105,1.011939129074557,0.7515937767745701
2673,T3A,P,0.014166472771928831,1.1451757782691403,0.033111868846059565
2674,T3B,C,0.042319586450977976,0.8714660304823553,0.8442098813288706
2675,T3B,P,0.020868168619628178,1.159118195778962,0.03326222193393791
2676,T3C,C,0.053036943444848314,1.023848955335855,0.8468495043097367
2677,T3C,P,0.02131098696980357,1.213373657692738,0.03328431011405883
2678,T3E,C,0.054824548184097016,1.0510193517348978,0.8370894491513408
2679,T3E,P,0.023320931487415698,1.2049539549548847,0.028841506456365743
2680,T3G,C,0.0640228188766619,1.1776587043159246,0.7076127473739148
2681,T3G,P,0.01617568515242511,1.1291897106663926,0.04180482712835063
2682,T3H,C,0.04898144279171778,1.0812283307427608,0.7258595034703367
2683,T3H,P,0.01753592741031274,1.1789398233714021,0.03576643051556718
2684,T3J,C,0.05192701264008474,0.956766751691543,0.7834164673056156
2685,T3J,P,0.023022876992720497,1.1910577638332516,0.034956367554126636
2686,T3K,C,0.05404102590828341,1.0704837749623457,0.8168096176114109
2687,T3K,P,0.018630465177670974,1.1657996155043566,0.03032735102477848
2688,T3L,C,0.05313303097868457,0.9470874218259532,0.5660916646543589
2689,T3L,P,0.023150258668522106,1.1455822805332827,0.05173198642668727
2690,T3M,C,0.026392378555807814,0.5159838236161881,0.8815061651624352
2691,T3M,P,0.01986242028514902,1.2000068941104214,0.04189243205544973
2692,T3N,C,0.04890987799454387,1.0010288465501913,0.8120602229547487
2693,T3N,P,0.02718463926741502,1.2161170190014035,0.0340774815783407
2694,T3P,C,0.07017606562486575,1.0389996726185764,0.6966670274938586
2695,T3P,P,0.018091539042423548,1.1565945375731637,0.05033020324383151
2696,T3R,C,0.0694529028796902,0.8723492484169479,0.8512279104728289
2697,T3R,P,0.02569674953148575,1.1471135180815732,0.05338510511497153
2698,T3S,C,0.028627685665581035,0.8942441630208726,0.9406453622746358
2699,T3S,P,0.012598972953223523,1.1327565687908279,0.05431400635837939
2700,T3Z,C,0.049584965484063576,0.8637845721720452,0.7215573088593028
2701,T3Z,P,0.024753021837040676,1.203944580130626,0.05642366157888556
2702,T4A,C,0.06330902475829904,1.0115528915476737,0.891398256385975
2703,T4A,P,0.016622573619783088,1.1637985290260158,0.052626769909752576
2704,T4B,C,0.07182790504612586,1.097434616764398,0.7328479872630737
2705,T4B,P,0.014318366066653614,1.1302741064775972,0.07961989884686631
2706,T4C,C,0.06674940437796939,0.8878949277658443,0.7125812917389129
2707,T4C,P,0.016870705286468356,1.154199800854275,0.048845092076695344
2708,T4E,C,0.11284767274147858,0.9399706345119159,0.7887090196884881
2709,T4E,P,0.027888167241508798,1.2165302644700364,0.07707006131820356
2710,T4G,C,0.06485740997553192,0.9649328678057941,0.5401415820671589
2711,T4G,P,0.02545127122160461,1.1947301029156283,0.06140264101277371
2712,T4H,C,0.09126934580133832,1.074328890694368,0.6945504523017025
2713,T4H,P,0.027433946571739982,1.2010016019101915,0.11204789483137054
2714,T4J,C,0.06650276807007335,0.8558799769614863,0.5630453466175656
2715,T4J,P,0.026805022977888168,1.196241809676352,0.09647402703008562
2716,T4L,C,0.07729061016687414,0.9840838903649896,0.7219980920851709
2717,T4L,P,0.026711149359203608,1.217482035752733,0.138472811774496
2718,T4M,C,0.09895913225468118,1.1516169941312133,0.47538671996986503
2719,T4M,P,0.025790738425063364,1.1978788297251406,0.14440778830689027
2720,T4N,C,0.03986888317428468,0.7086698168173887,0.870024120449253
2721,T4N,P,0.02398092168175552,1.226728397187346,0.05124100655946441
2722,T4P,C,0.06192900582199795,0.958855647628305,0.8525064519049291
2723,T4P,P,0.02479377486800568,1.2105822095493108,0.06673686567897356
2724,T4R,C,0.06237436777520414,1.0287709976787693,0.6750418564286899
2725,T4R,P,0.0253460951058615,1.2018293737881942,0.057646117962729324
2726,T4S,C,0.06348152944717435,1.0531387940481902,0.7676611765569097
2727,T4S,P,0.027524944010839474,1.2117173567369262,0.11433431942311419
2728,T4T,C,0.07863047492538315,0.9813199284078116,0.6629884909612029
2729,T4T,P,0.025388769029036,1.1993117790865526,0.053807737939574815
2730,T4V,C,0.05937652661769547,0.5149110747392589,0.8413090686531984
2731,T4V,P,0.027858847683012698,1.2053426886539258,0.11178332711731345
2732,T4X,C,0.07914629552330077,0.9822042490993745,0.5378285305607962
2733,T4X,P,0.022550081066189033,1.191249760647228,0.05344153278176414
2734,T5A,C,0.047281742589506986,0.8190657659422387,0.8946076571142126
2735,T5A,P,0.016214605226296436,1.1380858227929664,0.029122999002215454
2736,T5B,C,0.032122150270270794,0.7434866569537858,0.8768262052955432
2737,T5B,P,0.018508710400186406,1.163566711979366,0.04245309963139966
2738,T5C,C,0.059792144816990425,0.8301784170420032,0.8850648549686703
2739,T5C,P,0.018269932619512135,1.1612901354483882,0.03599359446764435
2740,T5E,C,0.05756322159840907,0.9476882970860414,0.7959389007603772
2741,T5E,P,0.01617226464469134,1.172312429159602,0.03474806470784118
2742,T5G,C,0.034835546908991225,0.6848220404041107,0.9202662305120595
2743,T5G,P,0.017211805523906235,1.1061663826644768,0.05422612603717573
2744,T5H,C,0.029220462542170252,0.5946058310066189,0.9299158252405415
2745,T5H,P,0.02258636498778049,1.283949395080454,0.04649323294049088
2746,T5J,C,0.0327741402053762,0.7600698439323534,0.9003434987607144
2747,T5J,P,0.020775249456200573,1.059295275674341,0.07380579558673234
2748,T5K,C,0.031125593218991582,0.5918464137670602,0.9513895038606188
2749,T5K,P,0.027955596525518437,1.3900723076627388,0.03579394662022699
2750,T5L,C,0.053173613138505674,1.1118623745288458,0.9288107788747028
2751,T5L,P,0.017071069036390267,1.1533676274989382,0.036576125658041775
2752,T5M,C,0.05657383674170733,1.0399847937764193,0.8942188671682296
2753,T5M,P,0.02064410872403383,1.1976511750892538,0.024733159564684016
2754,T5N,C,0.05560764547252639,1.0300740659379155,0.8837192957832357
2755,T5N,P,0.022046773311779812,1.2410260629965706,0.02298336294354702
2756,T5P,C,0.04945285911475783,0.9947170827187511,0.8494810687330363
2757,T5P,P,0.016813118261641967,1.1679156450229087,0.0306196303742624
2758,T5R,C,0.028823068017857997,0.6209757321642408,0.8869319771391221
2759,T5R,P,0.023667194742375577,1.194153894478888,0.02199952980562184
2760,T5S,C,0.05169575474092535,1.0836346654391928,0.9134726336070901
2761,T5S,P,0.018747101342884865,1.165218896476329,0.024598702573883684
2762,T5T,C,0.03236030293146221,0.7403736892056982,0.9239101488533047
2763,T5T,P,0.019292051772357363,1.1852868051791807,0.028327022408865633
2764,T5V,C,0.03390660436116104,0.8106715357423816,0.9082433428019712
2765,T5V,P,0.014924709422082832,1.071771675774364,0.01856679778947977
2766,T5W,C,0.06850826126445735,0.8884689519275529,0.856410381128937
2767,T5W,P,0.015344135080531769,1.1466548202781686,0.032026082932221984
2768,T5X,C,0.052254740287406724,0.9690438324336009,0.832304667855789
2769,T5X,P,0.018326969662418188,1.1634468943872773,0.04083029251290363
2770,T5Y,C,0.0373855000147561,0.7721172035415315,0.8648869451071383
2771,T5Y,P,0.015303105319384658,1.1638330074623888,0.044069049517118285
2772,T5Z,C,0.053434336816676614,1.0733912466617928,0.6721729001360555
2773,T5Z,P,0.015744539014097305,1.1499917172702492,0.04239368483764102
2774,T6A,C,0.045179031637826654,0.6997974633627734,0.8812644094821894
2775,T6A,P,0.017219085655739458,1.1444530213109012,0.027249135057422835
2776,T6B,C,0.0497609219472555,1.0538407125854756,0.9210444603491943
2777,T6B,P,0.012494395917229301,1.133067960172048,0.026173766814004497
2778,T6C,C,0.04387382544535723,0.9174364716494439,0.8185380336801811
2779,T6C,P,0.01657400208160771,1.1693558631783598,0.02364641959743082
2780,T6E,C,0.052577714505986826,1.0852265341583385,0.8450443786717405
2781,T6E,P,0.018545083301569416,1.2431138134569537,0.031979485443587766
2782,T6G,C,0.015317239221891219,0.2890033936327319,0.9749576748858204
2783,T6G,P,0.015165619948214864,0.9005158737060824,0.03797511582934413
2784,T6H,C,0.042957323500916814,0.812895823176931,0.9331109221687809
2785,T6H,P,0.023596746118592648,1.2038341090046707,0.022031746406226516
2786,T6J,C,0.04856274644034606,0.9063212995418842,0.897073670501356
2787,T6J,P,0.01658795440177506,1.152000205475797,0.025067331258836274
2788,T6K,C,0.05361671060657556,0.8138070103309011,0.8850653303888742
2789,T6K,P,0.017091208332654203,1.1710507983570828,0.032265972715875155
2790,T6L,C,0.04302404195391833,0.8228626836100675,0.7752116100250734
2791,T6L,P,0.015324047555196037,1.1282908836690548,0.03671466246434736
2792,T6M,C,0.07523485502586731,1.0903212560778874,0.686341715546201
2793,T6M,P,0.015717167403690828,1.162505272799923,0.039199403922425435
2794,T6N,C,0.06034817259415919,1.029042491686809,0.9033156687006717
2795,T6N,P,0.07306046089741773,1.7604949119873012,0.004119534339300444
2796,T6P,C,0.0391036150984386,0.7854413373024554,0.9398526463952143
2797,T6P,P,0.036710275002318805,1.1981523862101364,0.026295151980478628
2798,T6R,C,0.04722586303662604,0.8101506292394568,0.8480842970547964
2799,T6R,P,0.014879583036009844,1.1648779972421828,0.028657147384739064
2800,T6S,C,0.04517079205360215,0.5718517610485516,0.9794618059882673
2801,T6S,P,0.0,1.0578134446242955,0.005269250781840512
2802,T6T,C,0.05339110560195801,0.912641304593795,0.8040519511224902
2803,T6T,P,0.015833728587312832,1.1744702842008126,0.04840635039321016
2804,T6V,C,0.041240900010404646,0.6546666456663885,0.8791354776348399
2805,T6V,P,0.021398708082993004,1.1683310799575657,0.042414486788319196
2806,T6W,C,0.058732809474600814,1.106764178922283,0.8313072314411812
2807,T6W,P,0.01582858622392011,1.1732842175627636,0.05019482449656504
2808,T6X,C,0.051260522878584194,0.9962125941186306,0.8418199692680317
2809,T6X,P,0.015593937126558419,1.1713740905392274,0.04720056609974084
2810,T7A,C,0.0714745847903437,1.0795295977769321,0.6867638719095298
2811,T7A,P,0.028437530846200997,1.2064829812673867,0.13363660391715615
2812,T7E,C,0.03769515155322785,0.6705178854584324,0.6860025993849966
2813,T7E,P,0.02887652370376405,1.2181820553902274,0.07465305781232762
2814,T7N,C,0.05355626685603827,0.7318558713669799,0.5097687268810036
2815,T7N,P,0.02006528898200669,1.1836509335971988,0.013801936915649004
2816,T7P,C,0.050630749887583926,1.0067054074235269,0.695638365344125
2817,T7P,P,0.01902456459714051,1.1341853517998866,0.019112836189684825
2818,T7S,C,0.06070536851835501,0.6916306990389611,0.7451440876792493
2819,T7S,P,0.02331002420366591,1.1766439440971928,0.04313607957102038
2820,T7V,C,0.06918931743926156,0.7847789158576943,0.6693684190830398
2821,T7V,P,0.020493265468563854,1.1669445167417718,0.034250221750560514
2822,T7X,C,0.0738998293568879,0.946081124408383,0.8018103500886491
2823,T7X,P,0.026839606432380984,1.2134220579775254,0.04396794690427377
2824,T7Y,C,0.034867922079427786,0.7659363889625901,0.5862394137468374
2825,T7Y,P,0.02514780674024399,1.1995924502847506,0.037502747695845606
2826,T7Z,C,0.05295679588809874,0.9636544020099549,0.7690180609253895
2827,T7Z,P,0.025218192581169026,1.196385966197264,0.04571111546029469
2828,T8A,C,0.04906171933709817,1.0294657975823962,0.7085894906160657
2829,T8A,P,0.02057034671117213,1.1749056638927928,0.031617872008131646
2830,T8B,C,0.08767667250486644,1.1553269306014229,0.474387046227438
2831,T8B,P,0.023672928586887916,1.2734536048578307,0.06195380224872466
2832,T8C,C,0.062138574680767576,0.8859122341326919,0.260017420162206
2833,T8C,P,0.023590992700576643,1.220530594673435,0.058543682934160436
2834,T8E,C,0.04246309691568283,0.7138699256598887,0.47897672457984586
2835,T8E,P,0.02368627773099991,1.1932478602138676,0.045540147677067176
2836,T8G,C,0.03730655378012679,0.8522464363645067,0.3118481704004497
2837,T8G,P,0.02795497509132752,1.2043765905358461,0.04448523651534663
2838,T8H,C,0.04705755214562074,1.009752801377562,0.8631891932695993
2839,T8H,P,0.022085072395694478,1.1948452315524762,0.03347948719938131
2840,T8L,C,0.03983152121438262,0.45824200775661195,0.9356954969445792
2841,T8L,P,0.023598599803409656,1.1926977370400953,0.03811746093289266
2842,T8N,C,0.05222186153458125,0.8945749796663567,0.802570934006642
2843,T8N,P,0.018121399219006847,1.1790128760155174,0.025894592789501677
2844,T8R,C,0.08184218083099445,0.9665993827601077,0.6969896139040723
2845,T8R,P,0.01500873607145042,1.14341523382103,0.029512222685842908
2846,T8S,C,0.06499065704317242,0.8777105731734006,0.7453809890796965
2847,T8S,P,0.02629265252169616,1.2087223395675366,0.06195061525843001
2848,T8T,C,0.05623824518272533,0.8601265230266452,0.4152007487560067
2849,T8T,P,0.020675355506780697,1.1689877051890392,0.05154641050804217
2850,T8V,C,0.05171157051666268,0.9263859155303861,0.815522145196426
2851,T8V,P,0.02452787019640074,1.2011027152424671,0.10873592294535984
2852,T8W,C,0.07956662343364283,0.9238677709790094,0.6006296234856527
2853,T8W,P,0.026399125855997546,1.2122741085804347,0.12898934766521422
2854,T8X,C,0.0628155213948599,1.0622034897033927,0.49185134749846876
2855,T8X,P,0.026192130894521132,1.1987826513344269,0.11808602237729589
2856,T9A,C,0.05890830017196455,0.9118861818339908,0.6846675065455189
2857,T9A,P,0.012722983961715336,1.1006029961910666,0.021911877651870085
2858,T9C,C,0.047492870002806234,0.8925748490255594,0.7010576193087532
2859,T9C,P,0.023106504883552634,1.1787097248357146,0.027138884808039696
2860,T9E,C,0.05621206604364842,1.0230742975627232,0.8820184484938434
2861,T9E,P,0.01910667593955579,1.1573593809709704,0.051647766834090225
2862,T9G,C,0.04350138396105406,0.7123495254300319,0.7905101844763442
2863,T9G,P,0.018232191951801018,1.1541682100644808,0.03269042320471468
2864,T9H,C,0.05751236690002888,0.8307808768438559,0.9447247439370796
2865,T9H,P,0.01958999298191071,1.1740841284739703,0.05099646531500229
2866,T9J,C,0.07142916607802531,0.7689776439811785,0.9901210920995326
2867,T9J,P,0.03417091748737734,1.210972778428189,0.06173094474460771
2868,T9K,C,0.03422499097690859,0.615464538381445,0.9716891350519848
2869,T9K,P,0.021963992110420872,1.176544840042834,0.05751504669325017
2870,T9M,C,0.059009359878546074,0.7645550822025409,0.8005067237941336
2871,T9M,P,0.01957993852676617,1.188284899133904,0.03038558857325147
2872,T9N,C,0.056384287625240836,0.9680778775837733,0.6118380473338267
2873,T9N,P,0.023976829370079087,1.183595036925817,0.01397778505840857
2874,T9S,C,0.05774147748070271,0.8299434649772112,0.6453664329659866
2875,T9S,P,0.021770505731481607,1.1764730406807427,0.02097264661213057
2876,T9V,C,0.08991895247707529,1.0251053356353257,0.6817970609175803
2877,T9V,P,0.011777458061572328,1.18027272326837,0.02316560243541787
2878,T9W,C,0.061666837910916796,0.9496611991585158,0.6350647847672856
2879,T9W,P,0.022459742797350288,1.1994832779105433,0.0110550035568042
2880,T9X,C,0.04341344958863845,0.8931607336792607,0.6120573831782681
2881,T9X,P,0.016472765971828823,1.1456359277295012,0.009682509047870987
2882,V0A,C,0.07143374728180568,0.8274343264447918,0.9029636479848482
2883,V0A,P,0.06169854369426061,1.1723922921669705,0.14967686784539133
2884,V0B,C,0.058492648784101556,0.947081509995671,0.8570112091706946
2885,V0B,P,0.08284099615918844,1.1702683573471009,0.1507694904270212
2886,V0C,C,0.030605783608086558,0.5641587673033012,0.9095695449323661
2887,V0C,P,0.09120274868469505,1.182718954256983,0.09583025014646285
2888,V0E,C,0.05599906883710415,0.567482248641635,0.7937316707524187
2889,V0E,P,0.08755023264756569,1.1804791284338725,0.14589779865893687
2890,V0G,C,0.057250370435025365,0.7504156056885157,0.8728677105557525
2891,V0G,P,0.08949440302301101,1.1699425486156958,0.11452650269610265
2892,V0H,C,0.10062585329307822,1.0507853906658462,0.7465552516518682
2893,V0H,P,0.09238747525993446,1.1993323779702636,0.24939456197934928
2894,V0J,C,0.03761275193484431,0.4850511023618768,1.0
2895,V0J,P,0.09425609126046096,1.192159982186242,0.08922812113946527
2896,V0K,C,0.04742642989806249,0.519229237836733,0.8812475907371952
2897,V0K,P,0.09568579147978153,1.1856867695866187,0.11537774334300056
2898,V0L,C,0.027083041598990405,0.6419961088573728,0.8805278230749313
2899,V0L,P,0.09614075400463926,1.2020955071272912,0.06754687206354607
2900,V0M,C,0.1360470951764554,1.0043483437723686,0.6349623224538161
2901,V0M,P,0.11407675769090156,1.2285034998616913,0.39734039759568496
2902,V0N,C,0.09277385100708528,0.8559910746590718,0.9306899273369572
2903,V0N,P,0.09818631805410348,1.2085781911830715,0.5911843807906636
2904,V0P,C,0.13736234292710423,0.9621435980410413,0.8349637912999262
2905,V0P,P,0.13198471333868947,1.2011437643204221,0.4888891180713432
2906,V0R,C,0.13099876243602068,0.9712371805739811,0.8767689615559531
2907,V0R,P,0.1359506778331607,1.1740060496369842,0.5142742236375937
2908,V0S,C,0.025400419900281725,0.35653446079950524,0.9929625419908154
2909,V0S,P,0.07281950346537522,1.1851196411001061,0.6145997603472464
2910,V0T,C,0.02830755622512952,0.20775045517192728,0.9936061058943376
2911,V0T,P,0.08265321123641746,1.1960402052728147,0.3141032985099196
2912,V0V,C,0.04160853203922775,0.8867837559785552,0.9852975126066565
2913,V0V,P,0.10537901258161343,1.1710893084477678,0.4066298151837439
2914,V0W,C,0.16442461463802413,0.948510664792876,0.8172491149920955
2915,V0W,P,0.08185828842586862,1.1695149184817744,0.16728976972069837
2916,V0X,C,0.09949772471880286,0.9555101576946997,0.744076787452384
2917,V0X,P,0.10151960736012093,1.1847590304854416,0.3380264610895573
2918,V1A,C,0.10283364894311037,1.0141240671058642,0.9126488228773058
2919,V1A,P,0.09302739809223008,1.1733090062440281,0.1347999709293675
2920,V1B,C,0.10256172438528378,1.0786570527815735,0.7510063553871482
2921,V1B,P,0.08604686393227907,1.179507073987706,0.1965851351532554
2922,V1C,C,0.07343879912476707,1.0458405596934481,0.8870407148383841
2923,V1C,P,0.09085586723668997,1.1457740353047174,0.14616335301859096
2924,V1E,C,0.10731134157468802,1.2530474631003035,0.7034818065566226
2925,V1E,P,0.08815232744470498,1.2078404030479193,0.12013962647743719
2926,V1G,C,0.06556035413392344,1.0083869233701448,0.8513107704276797
2927,V1G,P,0.10133803272493812,1.2063389550608574,0.1760926411543636
2928,V1H,C,0.09514381178719349,0.9659238080153892,0.8095943852041895
2929,V1H,P,0.07945410578864036,1.1812698190574473,0.22674907622076748
2930,V1J,C,0.06949525524302498,0.9560595866568565,0.801880327654877
2931,V1J,P,0.09724705843087897,1.2202944943094527,0.12455749043240145
2932,V1K,C,0.07461810294884332,0.981722960444633,0.8353979339463561
2933,V1K,P,0.08939032095307958,1.2247324436961058,0.1490520144416527
2934,V1L,C,0.06263929765248268,0.8014389486986815,0.9244087599530324
2935,V1L,P,0.08959266694330122,1.190054948480497,0.16391523041129222
2936,V1M,C,0.12964185430300024,1.0600396752198218,0.9222006765067381
2937,V1M,P,0.12420278368030419,1.2416667371266996,0.516952333961457
2938,V1N,C,0.055795385225878395,0.8904376672143016,0.9230204110241149
2939,V1N,P,0.08808139610952204,1.1711275095249525,0.09861454736840126
2940,V1P,C,0.1080003657020418,0.9832683997650163,0.8026678654638306
2941,V1P,P,0.08995243125142018,1.233857946021693,0.26304889152584093
2942,V1R,C,0.024388436286919165,0.48215304846255636,0.9762397623182615
2943,V1R,P,0.09781896883597259,1.1648644809472966,0.12133133391746243
2944,V1S,C,0.10188128244196566,1.2269421456826541,0.9450011838445042
2945,V1S,P,0.09180088589935052,1.1786183692330712,0.1693682261953871
2946,V1T,C,0.08907620340815242,1.1027401596320268,0.9373713361593947
2947,V1T,P,0.08881090496094864,1.264155312732795,0.18907826867052754
2948,V1V,C,0.09192361177477161,1.0419670409769326,0.917009226068184
2949,V1V,P,0.08830320998084153,1.2473840149173254,0.3142034542741858
2950,V1W,C,0.09736769238135977,1.0435963663329626,0.8744625041264422
2951,V1W,P,0.08125556669039942,1.219865446049607,0.31280468547195533
2952,V1X,C,0.09899556826311766,1.3332189650466775,0.9019339995169847
2953,V1X,P,0.09212931799090542,1.2749761245624134,0.2129486017206414
2954,V1Y,C,0.0953533064348165,1.1012654586320116,0.9422797538397857
2955,V1Y,P,0.0799786573816057,1.3671839204626357,0.3179555577368485
2956,V1Z,C,0.10362669615225911,1.2237262223827274,0.8520305419634302
2957,V1Z,P,0.0857308256848118,1.203206938417227,0.3496093543643712
2958,V2A,C,0.10686474667551629,1.1458637902414426,0.9170070003099267
2959,V2A,P,0.09273420562894796,1.2618361899777952,0.30053113086062555
2960,V2B,C,0.09437602801055835,1.0412472895237441,0.8904244730378063
2961,V2B,P,0.09411921889300515,1.1918767289766414,0.13634340295647368
2962,V2C,C,0.08967852562387278,1.060474981629545,0.8966031392609026
2963,V2C,P,0.08748310838003658,1.2057931291423274,0.13578989361802812
2964,V2E,C,0.11394958164522877,1.0019442829084617,0.943132148259094
2965,V2E,P,0.09535397462749212,1.2086393642568773,0.17790734591009222
2966,V2G,C,0.08394530595448846,0.857503366433728,0.8471840991354357
2967,V2G,P,0.09032415118763308,1.1730079242805291,0.07045450984741686
2968,V2H,C,0.07491502393385902,0.9394498286702107,0.9117341220101569
2969,V2H,P,0.08304855621999468,1.1720461089930778,0.12563288278634838
2970,V2J,C,0.08711522384969375,0.7369972511108155,0.8707562545819146
2971,V2J,P,0.09108910080125546,1.1714807377732275,0.0843273610104434
2972,V2K,C,0.037785364323756725,0.5351561143274705,0.9054666221139531
2973,V2K,P,0.08875585440338633,1.1837786704774529,0.09554569327517899
2974,V2L,C,0.06712733753546607,0.9475056252863906,0.9576172227497478
2975,V2L,P,0.09194173563792697,1.2812296603303657,0.1213337879022016
2976,V2M,C,0.06683297751277897,1.0071692389813927,0.9140010079774316
2977,V2M,P,0.08803397774005386,1.2068315470252224,0.12042500980929464
2978,V2N,C,0.060442165749346285,0.7246433537713073,0.9172489588694239
2979,V2N,P,0.08733512850193621,1.1960352992214498,0.12181715173732488
2980,V2P,C,0.13992658067165242,1.1412563034655265,0.807161511082069
2981,V2P,P,0.12019484652250341,1.2757618313446297,0.3229431947776615
2982,V2R,C,0.14095944849419498,1.1168856654147612,0.8172692383284682
2983,V2R,P,0.11793514197324191,1.2273608604154445,0.4493519957674065
2984,V2S,C,0.14963732341828492,1.1555715526763652,0.8856709469438746
2985,V2S,P,0.1244483022249104,1.302713995471662,0.39520503653410183
2986,V2T,C,0.1543250073123789,1.1398598532625828,0.8942340077009859
2987,V2T,P,0.12606538849792312,1.350896560355423,0.24648932873173102
2988,V2V,C,0.13391542969406,1.1160927417076791,0.8741865524644162
2989,V2V,P,0.11931138010804704,1.2154808889175677,0.41713654802010314
2990,V2W,C,0.13813951931425314,1.1410204213242474,0.8558995596640004
2991,V2W,P,0.12023636526469196,1.2100848635496695,0.5429196156241778
2992,V2X,C,0.1343479621958565,1.1325701123312646,0.9502477238579382
2993,V2X,P,0.12208939468643404,1.2550434955454461,0.47956152295103444
2994,V2Y,C,0.13663861458074514,1.0157203468764602,0.9556581398289272
2995,V2Y,P,0.12990375847705088,1.3058146105563588,0.4508717664625785
2996,V2Z,C,0.1393221651328051,1.14961175122363,0.6050574190126975
2997,V2Z,P,0.10654703910295883,1.2125506528482275,0.41315140791155525
2998,V3A,C,0.14107177750445807,1.0554879636320087,0.9423893455051231
2999,V3A,P,0.12875701056792377,1.2825824191304418,0.46281633013025747
3000,V3B,C,0.12304563899241336,0.96365137668952,0.9797599517719814
3001,V3B,P,0.1193299270989975,1.252657968027336,0.5555205577995571
3002,V3C,C,0.14024405466322235,1.1882837225517726,0.9511883184899812
3003,V3C,P,0.11769857033289322,1.2295759643239315,0.5668055177073875
3004,V3E,C,0.10219726420318673,0.919656438806113,0.9795961474263463
3005,V3E,P,0.11565103774376916,1.2246753133068282,0.5692012499645642
3006,V3G,C,0.16237275427345418,0.9801325504222224,0.6263881518322297
3007,V3G,P,0.11433703913592258,1.2101974480893494,0.4941002516738061
3008,V3H,C,0.12471186659308756,0.9528324683524462,0.9800677826934282
3009,V3H,P,0.10724767037594424,1.2377738357372894,0.6216353890879814
3010,V3J,C,0.1036555769491513,0.8937090553624284,0.9852838170708454
3011,V3J,P,0.1165189754425747,1.2481533517342676,0.49038559564972045
3012,V3K,C,0.12596246779280892,1.015439981308849,0.9491407973250628
3013,V3K,P,0.1204386821666239,1.234103428020574,0.473831296433245
3014,V3L,C,0.10886826583979083,0.9957508200743069,0.9649153537129931
3015,V3L,P,0.11567948232665747,1.2656688136839176,0.592383021415371
3016,V3M,C,0.14090588574252827,0.869370861238829,0.9573416228031544
3017,V3M,P,0.124304907410898,1.3079056310934802,0.5212878350885337
3018,V3N,C,0.12184085220329602,0.9209311437316643,0.9605811524907326
3019,V3N,P,0.127383193684361,1.2913707180619514,0.5001398758292452
3020,V3R,C,0.11499623042458934,0.9125956939539415,0.9586799341823158
3021,V3R,P,0.13881825511716792,1.2965460258377746,0.31409192869662506
3022,V3S,C,0.12158728673602871,1.0697577785020795,0.9452126726673764
3023,V3S,P,0.12876363116516354,1.249311267364265,0.34890315774180997
3024,V3T,C,0.12763006715492534,0.975083400907434,0.9683109832800267
3025,V3T,P,0.13281011238413312,1.3962752337977395,0.3208131870923303
3026,V3V,C,0.11062759335471249,0.849807230963703,0.9385333326960832
3027,V3V,P,0.14457667854884,1.2568273558865812,0.18919411363933863
3028,V3W,C,0.1429451796501976,1.1503576537609035,0.9414022067240021
3029,V3W,P,0.1460531904223552,1.2963465887584125,0.22566780720425106
3030,V3X,C,0.13355882223153853,0.9813996322894303,0.9270954292187632
3031,V3X,P,0.1418114835289281,1.2751172190349125,0.2991333463055121
3032,V3Y,C,0.14059453531416344,0.9455405632697569,0.8948185841441293
3033,V3Y,P,0.12284991315295223,1.250824294052936,0.523955430555721
3034,V3Z,C,0.18160389329552956,1.1268824831205597,0.9100002964384534
3035,V3Z,P,0.13052103737644677,1.2751810775588575,0.4419281220807439
3036,V4A,C,0.15640063359773576,1.0867968910617731,0.940575799518456
3037,V4A,P,0.12897529721364745,1.2303395724341637,0.4336463579563843
3038,V4B,C,0.14011336610104874,1.041273939694875,0.9606639812024415
3039,V4B,P,0.12354866924258874,1.2606442802534317,0.45256692781865454
3040,V4C,C,0.13434833686725306,0.979770573785005,0.9228704831451782
3041,V4C,P,0.13689074057046585,1.2288419002139395,0.2998748935401527
3042,V4E,C,0.11590711798761796,0.8063622615510911,0.9201398574735421
3043,V4E,P,0.13094397088806947,1.2085528203701552,0.40469553283926124
3044,V4G,C,0.09490257591660937,1.0320504181417947,0.9508090893042832
3045,V4G,P,0.19028128537838543,1.761680310023513,0.021670494497925043
3046,V4K,C,0.10888007440883131,0.8103901658917729,0.9149198733107156
3047,V4K,P,0.14534142442384484,1.206755133798994,0.369299663742921
3048,V4L,C,0.11171590215063011,0.8686301429836276,0.9330239330042919
3049,V4L,P,0.15066663719930945,1.2284569283109192,0.5185695706706466
3050,V4M,C,0.05366832060276202,0.7239021414414886,0.9743553600858731
3051,V4M,P,0.15036026825865778,1.2197181548467337,0.4591193038671328
3052,V4N,C,0.12752963029289702,1.0055197690918134,0.8919229315206028
3053,V4N,P,0.13193122538724578,1.2599269634329096,0.3792236193481721
3054,V4P,C,0.13780369781018786,1.025632605018364,0.9680279308769572
3055,V4P,P,0.11995845202978596,1.272442750221441,0.39539117698856413
3056,V4R,C,0.1253610591504518,1.0465665899858294,0.8765237299658442
3057,V4R,P,0.11651209765564856,1.202020710377292,0.5378973461897982
3058,V4S,C,0.0523055318337172,0.43537499143810454,0.9194157316700833
3059,V4S,P,0.1137619043570613,1.1957617294859095,0.4140126181958844
3060,V4T,C,0.09819986327189534,1.011591842504974,0.8862578883913849
3061,V4T,P,0.08942458494099992,1.2067481130715787,0.35547028679181053
3062,V4V,C,0.11592446629264026,1.2222502093096799,0.8257023698414446
3063,V4V,P,0.08383199202883207,1.2348366584447235,0.2311874716834456
3064,V4W,C,0.10730260945869192,0.9580921923338003,0.8297566202565743
3065,V4W,P,0.11570336742588974,1.2041214222571002,0.3555883100687204
3066,V4X,C,0.15479596549717106,1.0506841372631077,0.5972159279497876
3067,V4X,P,0.11268146714341229,1.1762499987187314,0.30260309687166415
3068,V4Z,C,0.1750547032902621,1.1158588477164317,0.4490316188519301
3069,V4Z,P,0.10795516613707518,1.179573581491187,0.4565881663439597
3070,V5A,C,0.083789371188693,0.8446512952663046,0.9774736966885318
3071,V5A,P,0.11949343982064649,1.245876409756229,0.5234424482444313
3072,V5B,C,0.09650670245747042,0.9736393395940928,0.9645255342833141
3073,V5B,P,0.12733383363214212,1.2405007065332305,0.4956952509887345
3074,V5C,C,0.07698436579562315,0.7781524482967246,0.9834704269158392
3075,V5C,P,0.12696870291910334,1.3093440670687406,0.577858803628189
3076,V5E,C,0.13365762442949755,1.0233141641283259,0.9582666728084551
3077,V5E,P,0.12526211152795752,1.2406692009095803,0.4940190248558169
3078,V5G,C,0.10077005248531114,1.0510968255561,0.9496180692089001
3079,V5G,P,0.12685345454379954,1.2125615464320836,0.5336642273093322
3080,V5H,C,0.10886534307810539,0.9160289922266829,0.9809815380707114
3081,V5H,P,0.13280880687966157,1.386854090174272,0.5602203302173625
3082,V5J,C,0.14129005526041366,1.1566929330734805,0.9387066260291543
3083,V5J,P,0.13383346577329858,1.2360137319489077,0.47053872716613687
3084,V5K,C,0.08585598209311995,0.8827597095203294,0.9671736634043556
3085,V5K,P,0.1303916316313891,1.216509899159503,0.5349525236334254
3086,V5L,C,0.13419308847015735,1.1184800729169164,0.9462707757133985
3087,V5L,P,0.12495584105351673,1.2669853137568243,0.6690148787393567
3088,V5M,C,0.1305348106178598,1.107089556214495,0.9704861100655208
3089,V5M,P,0.13569968502603322,1.2297650426309987,0.4660508329549345
3090,V5N,C,0.14052075454928525,0.9725121435974149,0.948999694301568
3091,V5N,P,0.1299922413540603,1.2403603977581874,0.5807831793295498
3092,V5P,C,0.1465631944634475,1.0805564549033222,0.9150441022882961
3093,V5P,P,0.13982497544318345,1.2496505258308095,0.4644302738223035
3094,V5R,C,0.12768403169666584,0.9951939309347343,0.9514454105031361
3095,V5R,P,0.13839245298031694,1.2682538353367527,0.4639516803554277
3096,V5S,C,0.14519592613856297,0.9788826259485169,0.9806798267484371
3097,V5S,P,0.13001144950608004,1.3049381344468307,0.5353413216236454
3098,V5T,C,0.13006738999996306,1.0890351869420563,0.9580069869079506
3099,V5T,P,0.11686192783522634,1.3223585318719961,0.7382682949783523
3100,V5V,C,0.15437421306212548,1.1670314443697938,0.9353949719669873
3101,V5V,P,0.12397255167972057,1.2228438957494638,0.6513469670185449
3102,V5W,C,0.1306396221234273,1.043682051983328,0.9298371924204866
3103,V5W,P,0.1297567874021731,1.2261313467182227,0.5652796620318867
3104,V5X,C,0.12031744381357924,0.9120112449332626,0.9584771579567786
3105,V5X,P,0.1428080425545045,1.2675681071497629,0.4230507465106742
3106,V5Y,C,0.10573861530866784,1.0273907648357494,0.9696417968509242
3107,V5Y,P,0.12813853845218984,1.2865519661798033,0.633645506228562
3108,V5Z,C,0.11153114667913386,0.9839696494622849,0.9750291866299251
3109,V5Z,P,0.11697779131955148,1.3296709520243477,0.6928682816479861
3110,V6A,C,0.11751610818874554,0.9609746764712804,0.9553502175542073
3111,V6A,P,0.10861085496967601,1.358285392364852,0.7634840167929664
3112,V6B,C,0.10677060846186524,0.9740365842968692,0.9724947494053531
3113,V6B,P,0.08766613754453655,1.4191616295017495,0.8566948801267016
3114,V6C,C,0.08955610268206624,0.9118607132853549,0.9742575484740762
3115,V6C,P,0.1039026223046563,1.1828639649904649,0.6504765053925617
3116,V6E,C,0.09355735045254913,0.8949298747161443,0.9786739626055351
3117,V6E,P,0.09426902543367457,1.4643708575734138,0.8592592454801321
3118,V6G,C,0.11685087296379973,0.9617217926071285,0.9877342021414203
3119,V6G,P,0.10643345332092707,1.481322650379938,0.8734279452051483
3120,V6H,C,0.1343039675146733,1.1029410250308376,0.9569718685385546
3121,V6H,P,0.10154702182806122,1.3430175067355221,0.6065441270714116
3122,V6J,C,0.14237618619231068,1.112013258598587,0.9780296301762194
3123,V6J,P,0.10356730398017393,1.3289594930041295,0.6734407148444457
3124,V6K,C,0.13429300083809648,1.1261232699359827,0.942334854298241
3125,V6K,P,0.11864333938374597,1.2663657164392168,0.692642641595993
3126,V6L,C,0.15811711347658236,0.95948311570699,0.8998305080366861
3127,V6L,P,0.12883324378765998,1.2266385082862086,0.5290739722159746
3128,V6M,C,0.13156418500478134,1.069148707712827,0.9556585611904538
3129,V6M,P,0.12417808274408655,1.2755160540247037,0.49469366698919354
3130,V6N,C,0.14320793390146022,1.0428135680634678,0.9499049575481999
3131,V6N,P,0.11212360498398444,1.2253502967705678,0.5346892559006554
3132,V6P,C,0.1167076603145854,1.0030827263775355,0.941951115934346
3133,V6P,P,0.1299825296635544,1.2614209029408796,0.5322543330293279
3134,V6R,C,0.14034072519684532,1.1533860250342094,0.9143771165910418
3135,V6R,P,0.12193921427534775,1.234257173345482,0.5938859337579662
3136,V6S,C,0.12278933399988495,0.9852538142416,0.981883429127952
3137,V6S,P,0.1292955767214815,1.2658129817222197,0.5970543994034985
3138,V6T,C,0.06330557935584004,0.6356550952358604,0.9751236762866035
3139,V6T,P,0.0932817458741882,1.364371643206466,0.5108756543752152
3140,V6V,C,0.16949930977447486,1.1340467592363004,0.9399306715262205
3141,V6V,P,0.14129172265982096,1.2379586125155246,0.42964818459565396
3142,V6W,C,0.1355450131671612,0.8002566515392928,0.9208549111693508
3143,V6W,P,0.1486501694822343,1.4325029716600468,0.19267380908669474
3144,V6X,C,0.1526511961080375,0.9963687566740681,0.9462365634687755
3145,V6X,P,0.14786535332446465,1.3394890994237434,0.4079774818831037
3146,V6Y,C,0.1584947023833571,0.8739025132559994,0.9746211310325517
3147,V6Y,P,0.15067222188766757,1.3759664952995176,0.3832112764686511
3148,V6Z,C,0.10884908911365145,0.9417900153020464,0.9927723929474324
3149,V6Z,P,0.09595021518009557,1.4619625888399104,0.8518378973960598
3150,V7A,C,0.14386213510791557,1.0297518913362926,0.9429838781763241
3151,V7A,P,0.15734676744884768,1.2446465397699824,0.29164510120861104
3152,V7B,C,0.04508324120224088,0.5309655781182651,0.41596809804257745
3153,V7B,P,0.16081684178324618,1.194831217955726,0.425009973368983
3154,V7C,C,0.1506668765508497,0.8815240750278687,0.9726910172523633
3155,V7C,P,0.14990014781476627,1.2535014858059161,0.32368134826271444
3156,V7E,C,0.15971282435730091,0.9158295472654706,0.9448935353211995
3157,V7E,P,0.14937818103654407,1.234597232102691,0.43244881696987947
3158,V7G,C,0.13800240975912953,0.9764312829362396,0.985542586526526
3159,V7G,P,0.10472681829117629,1.229453290910032,0.7196533249732842
3160,V7H,C,0.1104565864136546,1.115478543965319,0.969942154184053
3161,V7H,P,0.11357397168573521,1.2228045132319243,0.7020168505583594
3162,V7J,C,0.10402253492503338,0.9437608762131137,0.9522893757965586
3163,V7J,P,0.11098308068116601,1.2450109165888417,0.7052240854986498
3164,V7K,C,0.11254596651540599,0.8200260296299795,0.983452092891352
3165,V7K,P,0.11147980410064821,1.1959442981005495,0.7149196195144071
3166,V7L,C,0.07775464832909094,0.893136805904461,0.9651513091172124
3167,V7L,P,0.11295206770987913,1.2446424794438493,0.6892956370850287
3168,V7M,C,0.12440300355323691,1.0894784818419418,0.9631719289272097
3169,V7M,P,0.10881348854471128,1.3062375982751158,0.7274997386514557
3170,V7N,C,0.1381185383151391,1.1058248480296158,0.9638830316898475
3171,V7N,P,0.10937045759565532,1.2034410768968316,0.6416971463450372
3172,V7P,C,0.12846086533321047,1.0237206831146846,0.9444091528601708
3173,V7P,P,0.11234384578954344,1.2339224172582741,0.6649757669192884
3174,V7R,C,0.09465039764507327,0.9454970006152519,0.9631425917978166
3175,V7R,P,0.10611733359610825,1.2097620729134604,0.6755482197257174
3176,V7S,C,0.05095610148515885,0.6613220414999741,0.973125205571205
3177,V7S,P,0.08680325919181817,1.2600043059739043,0.5542705588080246
3178,V7T,C,0.08657275074672795,0.8836420868488654,0.973698690527199
3179,V7T,P,0.11212843106890691,1.2526826421586548,0.5943854939840965
3180,V7V,C,0.12671714872834716,1.0640454531004877,0.9504417085739345
3181,V7V,P,0.08700334335978971,1.2526907917689576,0.6539283758803878
3182,V7W,C,0.08924384571807133,0.7520448624852851,0.9629003544131756
3183,V7W,P,0.08984733760770676,1.227019290026176,0.7318925777478147
3184,V7X,C,0.07705472012820508,0.867121934198766,0.9923818360714047
3185,V7X,P,0.11524139986180211,1.2789394446170463,0.9778317136294719
3186,V7Y,C,0.05697051921106635,1.1935658495347947,0.9107937584422077
3187,V7Y,P,0.15850556719604522,1.8602206565824946,0.13594993048234924
3188,V8A,C,0.13019395989963264,1.0635776624960547,0.8168701539252119
3189,V8A,P,0.10854525334294564,1.1625118370830758,0.259100218368535
3190,V8B,C,0.11611486787699077,0.9713687416152811,0.9681320767839396
3191,V8B,P,0.09546814652275715,1.1986877747569553,0.6770822478396044
3192,V8C,C,0.01738658265633808,0.3005495790017428,0.9951325448886373
3193,V8C,P,0.09437796032334544,1.1654322299164475,0.35154019295360744
3194,V8G,C,0.09408574773127332,0.9672698840588786,0.9139597848645633
3195,V8G,P,0.1008261270167301,1.1856328733020267,0.20780433370978743
3196,V8J,C,0.02745774575488477,0.45841566169392284,0.9469987239950468
3197,V8J,P,0.09604142410697177,1.1841646285653982,0.39706386615051814
3198,V8K,C,0.1451366987711747,1.0231966705689777,0.8778020901010244
3199,V8K,P,0.11320425024808248,1.2079560011338786,0.6415397010413338
3200,V8L,C,0.13559288458029958,0.9800777598219502,0.9029901272293491
3201,V8L,P,0.12944963396082823,1.2143220579511287,0.6503579847057467
3202,V8M,C,0.16746963938051662,1.418906780189128,0.8785664775092752
3203,V8M,P,0.12582945525271974,1.210233730083385,0.6209189999613242
3204,V8N,C,0.08291923407509935,0.6992707777031599,0.9306756469232369
3205,V8N,P,0.13251686022461762,1.1982180936952422,0.5785307568255221
3206,V8P,C,0.10065929267566484,0.8414467651803093,0.9065456394016934
3207,V8P,P,0.14006643822127704,1.1906636581774055,0.5887114542260773
3208,V8R,C,0.15456303022864398,1.1086262851252788,0.9413711268802334
3209,V8R,P,0.12882016402399588,1.2008733174196193,0.5993532134410808
3210,V8S,C,0.15919564090573127,1.0601472782618913,0.9003921847638912
3211,V8S,P,0.1287669251424004,1.2115083475512591,0.6345615586859712
3212,V8T,C,0.13861260531914357,0.9462967695853326,0.940284497114455
3213,V8T,P,0.13618063172415545,1.223061077101952,0.6254053972413566
3214,V8V,C,0.15015158848682955,0.9134148663906904,0.9596980011087914
3215,V8V,P,0.12706110520111027,1.270825568296002,0.7205332664569221
3216,V8W,C,0.145344762662989,0.9396545083545738,0.9497431584963821
3217,V8W,P,0.1081817603765231,1.35420428367792,0.8779108462098221
3218,V8X,C,0.14993943357998774,0.98331275704338,0.9573088521549054
3219,V8X,P,0.13862022207481806,1.2128491235388912,0.6008780911487107
3220,V8Y,C,0.160273553840811,1.0190481625020402,0.8672241461234356
3221,V8Y,P,0.13453081555696644,1.202938637518557,0.6231486360356097
3222,V8Z,C,0.14912899705443017,0.9082532081699916,0.9163382026852527
3223,V8Z,P,0.14187031596790523,1.1915694251017759,0.5441790273142711
3224,V9A,C,0.13448369852923833,0.9365498845635265,0.9268143684650366
3225,V9A,P,0.1321748180814535,1.2127970548302023,0.646888869470293
3226,V9B,C,0.15200439541388586,0.9735937900273856,0.9458781603453614
3227,V9B,P,0.13941359916251056,1.1890287125183034,0.5599906463864129
3228,V9C,C,0.1494389309089926,0.8566935614324771,0.8998314977249084
3229,V9C,P,0.14011799106739936,1.1841120631735846,0.5532216660582063
3230,V9E,C,0.12329390153493752,0.9458634244775053,0.8344864011652814
3231,V9E,P,0.13825503921053836,1.1766801676261265,0.5103069265555575
3232,V9G,C,0.10306923585105697,0.8152700388565441,0.935516066274309
3233,V9G,P,0.12855359935484753,1.193593132353011,0.5423059939449877
3234,V9H,C,0.05744180819766251,0.4972608806616588,0.9350044735448337
3235,V9H,P,0.147185045540252,1.1915673683144055,0.5270818112286041
3236,V9J,C,0.17443008707722174,0.9772463245931913,0.53193952057969
3237,V9J,P,0.13033145957847106,1.1570568339464795,0.49056343535525604
3238,V9K,C,0.12922718035262631,0.9115275579350712,0.8484333253491323
3239,V9K,P,0.13599679041617238,1.1983063429635117,0.5741875660136371
3240,V9L,C,0.12700228237701905,0.9998244517520744,0.8752340790776629
3241,V9L,P,0.13354673020692168,1.1752818492594828,0.4766449919115964
3242,V9M,C,0.13565561678833507,1.0675586500792087,0.9029956087135296
3243,V9M,P,0.12121847575722283,1.1779543706106061,0.6196164713125686
3244,V9N,C,0.16097412906620137,1.1434939800721726,0.9169391472307935
3245,V9N,P,0.13184832560914023,1.1794661022154174,0.6112296824664931
3246,V9P,C,0.151950975883745,1.1456923861196129,0.9155290374744232
3247,V9P,P,0.1358705857801336,1.214638453662985,0.6011096605933816
3248,V9R,C,0.12978712562531736,0.9400891248067534,0.9239446200490241
3249,V9R,P,0.1361945532045751,1.204675304736696,0.5641501094662242
3250,V9S,C,0.1451857141605173,1.1085743669981807,0.942469665705959
3251,V9S,P,0.1396384956537637,1.2216541333413788,0.5188193046301297
3252,V9T,C,0.122428122839563,1.0417654885454042,0.955724498162715
3253,V9T,P,0.13003317432560196,1.2098430041244883,0.6180671253856547
3254,V9V,C,0.13953242770003882,1.1256451082589807,0.9154497400988495
3255,V9V,P,0.1292454062123467,1.189368264944237,0.5773480940791287
3256,V9W,C,0.11445418721563548,0.9165401929066339,0.9191044519418876
3257,V9W,P,0.1530989202417112,1.2199198440875214,0.5119575438665598
3258,V9X,C,0.12963893663301845,0.8841033070683308,0.8387213505387897
3259,V9X,P,0.12487212043595573,1.1905967566429088,0.533763636315719
3260,V9Y,C,0.10092771700908197,0.7856090642830328,0.9108938220420734
3261,V9Y,P,0.15144532771493488,1.205831690090135,0.28557306829779255
3262,V9Z,C,0.1577894174968623,1.0690192751738599,0.8703855012335298
3263,V9Z,P,0.1359766242077182,1.1649949287828882,0.6114861947050849
3264,X0A,C,0.07802222968579468,0.7664903696185003,0.8138089609076825
3265,X0A,P,0.012947965625871822,0.6721720042117448,0.009094867167959833
3266,X0B,C,0.0697062043207435,0.640594675982583,0.8471740934188361
3267,X0B,P,0.004935543609787089,0.33606111117478793,0.01683603817427196
3268,X0C,C,0.06092008355880922,0.7010631743733455,0.8611583601340295
3269,X0C,P,0.054392012144613276,0.8243572279908531,0.018930546691077608
3270,X0E,C,0.09241747676916248,0.7669298950507691,0.4235696751913309
3271,X0E,P,0.04693416495542781,1.173469510402335,0.012349377929481086
3272,X0G,C,0.1586517239206396,0.4922408678589846,0.8925354678621663
3273,X0G,P,,,
3274,X1A,C,0.07929576483896383,0.9197296443589797,0.7446535392834881
3275,X1A,P,0.03411727823915655,1.2494318415259535,0.024330824228684406
3276,Y0A,C,0.07757924961739904,0.9067665545684033,0.8698220874549439
3277,Y0A,P,0.03442675920425345,1.2292978257700253,0.114045795740537
3278,Y0B,C,0.09316863256896046,0.7380257378027842,0.9471448998095501
3279,Y0B,P,0.03264587044264905,1.2127171845914655,0.22022391340948924
3280,Y1A,C,0.08224018733266208,0.8789079918790145,0.8399057834053577
3281,Y1A,P,0.030888103667742434,1.2181182184398376,0.21395891431993005
